{
"type": "FeatureCollection",
"name": "layer",
"crs": { "type": "name", "properties": { "name": "urn:ogc:def:crs:OGC:1.3:CRS84" } },
"features": [
{ "type": "Feature", "id": 0, "properties": { "lakeid": 1 }, "geometry": { "type": "Polygon", "coordinates": [ [ [ -79.557944100113616, 42.850485062046971 ], [ -79.546284008884342, 42.843700504968638 ], [ -79.542293939408907, 42.842504260950527 ], [ -79.537707994361966, 42.843727781004503 ], [ -79.516037083948547, 42.851990283081513 ], [ -79.485693328148656, 42.846376808342541 ], [ -79.477656787146174, 42.846561598519799 ], [ -79.473982230884374, 42.847845339837811 ], [ -79.470047686304198, 42.851403338189129 ], [ -79.466881137407753, 42.862335012397011 ], [ -79.465015292245539, 42.864746634901643 ], [ -79.446572448131207, 42.874221225627323 ], [ -79.441693672671406, 42.875194918575765 ], [ -79.402707464775872, 42.871890554986443 ], [ -79.382029727061251, 42.863458998508534 ], [ -79.354143342602271, 42.864311541608089 ], [ -79.326331347843336, 42.870147212401577 ], [ -79.302061315527155, 42.874547700998583 ], [ -79.298164679964785, 42.875043825764521 ], [ -79.255383853076552, 42.876876979257311 ], [ -79.249083134190172, 42.876223081088163 ], [ -79.216287329065793, 42.870004312987724 ], [ -79.193936101875465, 42.869265566661198 ], [ -79.164514591734161, 42.875473287269855 ], [ -79.160128673534913, 42.875362899506676 ], [ -79.123170265532195, 42.865885226722085 ], [ -79.112446582758281, 42.858639206332363 ], [ -79.106564175530394, 42.850136299774711 ], [ -79.10374153269953, 42.84435228227089 ], [ -79.099988946268112, 42.84024622149942 ], [ -79.091875183274709, 42.837701543748175 ], [ -79.087233891078625, 42.839122363684474 ], [ -79.08498944174427, 42.843458298413118 ], [ -79.087151379425251, 42.847734864358969 ], [ -79.094154630980114, 42.852544436403221 ], [ -79.09465531373661, 42.856192844986737 ], [ -79.091652863077314, 42.859442692428502 ], [ -79.083961682312406, 42.862505864967339 ], [ -79.040477384646294, 42.873475942191256 ], [ -79.028437651184475, 42.8753441542502 ], [ -79.024552415011641, 42.874911484998535 ], [ -79.022654769531471, 42.874700107448867 ], [ -79.019554989762483, 42.873802204113986 ], [ -78.991541707936548, 42.873745683150673 ], [ -78.963644354065963, 42.881799441747305 ], [ -78.944009458162014, 42.880677598247431 ], [ -78.93037749957125, 42.888638221537683 ], [ -78.921862945879113, 42.895027141909907 ], [ -78.913425917600748, 42.904063909639284 ], [ -78.906897871604315, 42.901468740684741 ], [ -78.901048361361063, 42.899142651584413 ], [ -78.878832791023797, 42.865711294492186 ], [ -78.869590819509114, 42.852512310743542 ], [ -78.864352866134041, 42.827893057914579 ], [ -78.853444826775799, 42.793106847707129 ], [ -78.853652832461748, 42.788763211690338 ], [ -78.857248079900586, 42.780580808484316 ], [ -78.86080464067085, 42.777477373676284 ], [ -78.920062646553859, 42.737656746714286 ], [ -78.932026812383569, 42.732898078175047 ], [ -78.945793525048117, 42.730300112877941 ], [ -78.95418644847723, 42.727077914401292 ], [ -78.966118776429099, 42.720810733647234 ], [ -78.975657566491378, 42.713071406066618 ], [ -78.983305237744645, 42.708281393940595 ], [ -78.993861943667795, 42.704135237906577 ], [ -79.012162023484422, 42.702212885333303 ], [ -79.039072297591758, 42.694355228289112 ], [ -79.049294415688777, 42.689168927484687 ], [ -79.053253946894245, 42.684149458392994 ], [ -79.062344434649233, 42.669241307390621 ], [ -79.06537381833212, 42.663909905117144 ], [ -79.072147530898576, 42.641831040318607 ], [ -79.106738570134624, 42.619294990620773 ], [ -79.113839974275891, 42.611044215376587 ], [ -79.131478125784042, 42.589506839976842 ], [ -79.138607755860122, 42.567738684564397 ], [ -79.142701215323441, 42.560681122019936 ], [ -79.146531367154225, 42.556923568241011 ], [ -79.149227566805692, 42.55566430449349 ], [ -79.158733779389763, 42.553266648757301 ], [ -79.183026324397972, 42.55070755277449 ], [ -79.201802410417415, 42.545831976945671 ], [ -79.249303432149532, 42.532297889618235 ], [ -79.311474999466952, 42.504762179115559 ], [ -79.363037253021417, 42.481344541384068 ], [ -79.402660188109124, 42.453214785779956 ], [ -79.436712892889375, 42.421824208607539 ], [ -79.45308752020847, 42.413100610700951 ], [ -79.472820626119884, 42.404593507305144 ], [ -79.491537896990351, 42.395401301330836 ], [ -79.550488241629694, 42.361925059416542 ], [ -79.581189015296076, 42.347224536487374 ], [ -79.619702261009422, 42.329112787165535 ], [ -79.680650073010057, 42.298791944817808 ], [ -79.71636085162416, 42.283567330488992 ], [ -79.762631263528817, 42.268544520383927 ], [ -79.762729265922133, 42.268502271105447 ], [ -79.795203881594887, 42.254493463489176 ], [ -79.810913517230645, 42.246161156662104 ], [ -79.829082971335097, 42.235702201663422 ], [ -79.843811171366937, 42.229648126359429 ], [ -79.859692279340507, 42.225109503897414 ], [ -79.864132891145019, 42.224916078021785 ], [ -79.873708380652744, 42.22719379939867 ], [ -79.882309307650047, 42.226994025241986 ], [ -79.90434183145328, 42.214400139177023 ], [ -79.918125782842651, 42.210223687206224 ], [ -79.929740706529415, 42.207970783398309 ], [ -79.938279070478018, 42.204663465748887 ], [ -79.981218479645705, 42.184695056199004 ], [ -80.03192412951239, 42.155557191108841 ], [ -80.118877139313128, 42.123512547396544 ], [ -80.144817948544926, 42.114865669540507 ], [ -80.1498181262114, 42.115123950709972 ], [ -80.153451931600117, 42.117672473197317 ], [ -80.154020972068722, 42.121319378888614 ], [ -80.148705238452209, 42.130690202584233 ], [ -80.145944167309921, 42.133719094178389 ], [ -80.137405311949209, 42.140950048470515 ], [ -80.134955792169919, 42.142338671516605 ], [ -80.097783271307662, 42.151211082506528 ], [ -80.094031320311061, 42.150773368850203 ], [ -80.091135923779419, 42.149689316033843 ], [ -80.087443317869571, 42.147028178998411 ], [ -80.08545833737864, 42.150820187122562 ], [ -80.085122880836849, 42.163210654846814 ], [ -80.088768939901129, 42.164439873425785 ], [ -80.108033611159385, 42.166323579538535 ], [ -80.112252729164283, 42.165354876314353 ], [ -80.146375131400433, 42.151951971992261 ], [ -80.152922090523347, 42.148330696628022 ], [ -80.157998025081795, 42.142257697428157 ], [ -80.164480126844381, 42.132941710878185 ], [ -80.179787928595204, 42.115486503717484 ], [ -80.189231403065676, 42.105459925111148 ], [ -80.202329116211772, 42.092508692200049 ], [ -80.262491182424895, 42.068425343729785 ], [ -80.276158384408177, 42.061455109706927 ], [ -80.292438429910987, 42.053708187991248 ], [ -80.311163686297377, 42.046723797009136 ], [ -80.357300238051209, 42.03141172405212 ], [ -80.387428198305244, 42.025517199370469 ], [ -80.406254795522912, 42.015768193787821 ], [ -80.454320921524257, 41.998932387324466 ], [ -80.479557396934126, 41.990575077075128 ], [ -80.519264429010107, 41.978084909681122 ], [ -80.519977779899605, 41.977860326958549 ], [ -80.56500508514894, 41.96435689861692 ], [ -80.596495430078363, 41.955814922648386 ], [ -80.62945751599753, 41.944161652785773 ], [ -80.653186770436506, 41.940517451861652 ], [ -80.670677544569344, 41.935467223187338 ], [ -80.682654351197669, 41.930698187668987 ], [ -80.720575482775928, 41.920016887615205 ], [ -80.762546171501498, 41.912659760533337 ], [ -80.788729169776474, 41.908895105621504 ], [ -80.811902568535444, 41.899882751030567 ], [ -80.904957812621049, 41.868382665785198 ], [ -80.924191276210337, 41.864708673138061 ], [ -80.958212259933063, 41.860726579201753 ], [ -81.002414097644248, 41.853026421822356 ], [ -81.040978327932109, 41.840281484529548 ], [ -81.122122458279136, 41.812843570388658 ], [ -81.178480076304695, 41.788782049261854 ], [ -81.210837786211627, 41.774734263942037 ], [ -81.230438371260419, 41.7666906190737 ], [ -81.262970175893329, 41.758053958115916 ], [ -81.269625867779212, 41.757858998693443 ], [ -81.272787240147892, 41.75828863418338 ], [ -81.280894136388739, 41.76100523789718 ], [ -81.286046750760491, 41.759730294022368 ], [ -81.288856448081503, 41.758199322219632 ], [ -81.298740691343482, 41.752812530256207 ], [ -81.338967421425679, 41.733008137397093 ], [ -81.356154375606138, 41.725844689226221 ], [ -81.36330914391624, 41.7238410169387 ], [ -81.377292896079112, 41.717218254111017 ], [ -81.396716063131862, 41.704950009550799 ], [ -81.441520979803386, 41.674404726901159 ], [ -81.456614592081564, 41.660812709630726 ], [ -81.475221675146457, 41.642021231596708 ], [ -81.482194550654498, 41.636091684295259 ], [ -81.492307531454927, 41.629382255185476 ], [ -81.512579229134957, 41.620664022131123 ], [ -81.531518316705885, 41.614231616474477 ], [ -81.551557655503004, 41.598846714319208 ], [ -81.61421393679052, 41.554335376039987 ], [ -81.652524282059019, 41.532364012340501 ], [ -81.660108984550106, 41.528156462828655 ], [ -81.682948418807342, 41.519267895149248 ], [ -81.702763543386496, 41.508252009950368 ], [ -81.71016150846971, 41.505151919316447 ], [ -81.71713073424722, 41.499595889970095 ], [ -81.737539887586451, 41.491698177390397 ], [ -81.748030128725915, 41.489262499094245 ], [ -81.751721886762027, 41.489169701487853 ], [ -81.780568291030207, 41.495084262756727 ], [ -81.798565188893889, 41.497486281023889 ], [ -81.824391666842217, 41.493672677924096 ], [ -81.836222140964367, 41.490100532541213 ], [ -81.85223771175059, 41.486789004460299 ], [ -81.871279138398492, 41.485676279128853 ], [ -81.881277507772154, 41.486176053872796 ], [ -81.914047469977248, 41.489419084986437 ], [ -81.931704507867167, 41.492313533194789 ], [ -81.948096223190774, 41.496409581931253 ], [ -81.969298838171881, 41.505230979204015 ], [ -81.994262537721113, 41.512828862858512 ], [ -82.012656685113001, 41.515711274213125 ], [ -82.025560835484782, 41.513161608131824 ], [ -82.048588553233245, 41.507561346629089 ], [ -82.063634398036243, 41.502910448816223 ], [ -82.078456784263039, 41.49927892723138 ], [ -82.121839211653608, 41.490667342837725 ], [ -82.183129397414959, 41.472233204758794 ], [ -82.22123946584199, 41.450459054699245 ], [ -82.239826438183542, 41.441119203617795 ], [ -82.264508921426327, 41.432232641699102 ], [ -82.277994022156435, 41.431664311787848 ], [ -82.296206298044552, 41.431188179000713 ], [ -82.319514974092201, 41.431211574012906 ], [ -82.341599719842421, 41.429915398702974 ], [ -82.3675268199881, 41.425185515155071 ], [ -82.448653274456717, 41.390946276088222 ], [ -82.469783879922403, 41.384301794492849 ], [ -82.500410641761093, 41.382130631893006 ], [ -82.507816852473226, 41.38354801004202 ], [ -82.519677033628739, 41.387174249105641 ], [ -82.543638604658753, 41.397127137270388 ], [ -82.581611243895608, 41.414462779848023 ], [ -82.590319421101157, 41.418758678080536 ], [ -82.632828160853009, 41.447084198554322 ], [ -82.652599606165779, 41.46170480970828 ], [ -82.669872319105366, 41.476196395427948 ], [ -82.68222871611907, 41.479240874858782 ], [ -82.660764460878241, 41.461433592564234 ], [ -82.660048150407917, 41.457794157957956 ], [ -82.662646487906414, 41.45468525487621 ], [ -82.666084616479893, 41.453607218187216 ], [ -82.674536504887385, 41.453092477509998 ], [ -82.686101419096559, 41.453870359101536 ], [ -82.716661694113867, 41.456710364419095 ], [ -82.735992711999188, 41.449374259421795 ], [ -82.756246529035309, 41.44581004972374 ], [ -82.761951433025942, 41.446200163752081 ], [ -82.76772049623618, 41.447955477462891 ], [ -82.773381388839269, 41.451587188872807 ], [ -82.779933323175143, 41.457102527193619 ], [ -82.783212219172327, 41.462845563673646 ], [ -82.793240095874026, 41.468066104390068 ], [ -82.821830798917659, 41.475393898894133 ], [ -82.825361119610648, 41.474951645429741 ], [ -82.825998143173365, 41.462461622143131 ], [ -82.827418677205785, 41.459415164906453 ], [ -82.83267724178917, 41.454405291428422 ], [ -82.848364221836931, 41.445863208441253 ], [ -82.8580199784504, 41.442549356626671 ], [ -82.872783730149536, 41.442153223560851 ], [ -82.880421401982815, 41.44300327083198 ], [ -82.892632406265705, 41.436736765721498 ], [ -82.903494695636397, 41.430025165959997 ], [ -82.916744344268849, 41.423447142622635 ], [ -82.92543850282371, 41.421433362737552 ], [ -82.935832683751727, 41.421911100590123 ], [ -82.989895219570883, 41.43623398849553 ], [ -82.992814827452733, 41.437613517771489 ], [ -82.995179736144593, 41.440855971679554 ], [ -82.995606777001029, 41.445003064882556 ], [ -83.001218872957523, 41.445192062955165 ], [ -83.00636453337053, 41.446333901918308 ], [ -83.018213547786416, 41.452921149802719 ], [ -83.020580065096325, 41.456163252998401 ], [ -83.019599205849545, 41.459758267676641 ], [ -83.016884944325469, 41.461656760001247 ], [ -83.008831066084781, 41.464476866501315 ], [ -82.989595501434408, 41.46610950446707 ], [ -82.974953650566306, 41.46636649551008 ], [ -82.972243367248751, 41.472255789299204 ], [ -82.966686615267264, 41.482132411970305 ], [ -82.964350854012324, 41.485708173327573 ], [ -82.96236781136777, 41.487534325584136 ], [ -82.959083293791579, 41.489042964465924 ], [ -82.95566340863931, 41.489234356884062 ], [ -82.936895219664578, 41.486933925760098 ], [ -82.889410109315421, 41.488455578371322 ], [ -82.87194532233363, 41.490863274628445 ], [ -82.865136876379594, 41.493532229313807 ], [ -82.855722597352155, 41.497467149877089 ], [ -82.85259614763352, 41.498979214802681 ], [ -82.846046213487014, 41.500408218362843 ], [ -82.749136044750529, 41.510769297165822 ], [ -82.731520001333465, 41.510876561983821 ], [ -82.724417966488033, 41.510156623771017 ], [ -82.72052605884484, 41.508817690921205 ], [ -82.718217670113944, 41.505764827186972 ], [ -82.710301508258866, 41.505997686349687 ], [ -82.708628823151102, 41.535691623647018 ], [ -82.709407304285222, 41.538087826419982 ], [ -82.712617858665311, 41.541251356139902 ], [ -82.718692597081244, 41.543282807110295 ], [ -82.753295189957427, 41.545900330721253 ], [ -82.767233751882614, 41.542105318147136 ], [ -82.785771399877717, 41.540586136745432 ], [ -82.789124028115211, 41.541852684263525 ], [ -82.815250017545296, 41.568154793267297 ], [ -82.820341030980302, 41.574273464959298 ], [ -82.82998595677121, 41.587314314574847 ], [ -82.830938166688043, 41.59020360585027 ], [ -82.841947504757471, 41.589271719114187 ], [ -82.847093101457446, 41.5877088824938 ], [ -82.853980024453051, 41.583466940726012 ], [ -82.856636655463134, 41.579551286054524 ], [ -82.857173402760338, 41.574885869760081 ], [ -82.85425920935694, 41.571926495432862 ], [ -82.852035157781671, 41.559483712053591 ], [ -82.856152687986835, 41.548663457824773 ], [ -82.860659202082758, 41.542433274086612 ], [ -82.872862513229492, 41.531643021561727 ], [ -82.877801187166611, 41.528301738993761 ], [ -82.895093085985081, 41.520842304256121 ], [ -82.913059416492132, 41.517436658339236 ], [ -82.920259662366988, 41.516958809038627 ], [ -82.934222880346056, 41.5178504376006 ], [ -82.96638484405554, 41.526465898881192 ], [ -83.000686451207002, 41.541643446467042 ], [ -83.015858162101082, 41.55001012665624 ], [ -83.037936198185989, 41.564902511705597 ], [ -83.044497419695759, 41.570895641623224 ], [ -83.058390670800918, 41.585819394620763 ], [ -83.063969712223454, 41.594729631924778 ], [ -83.074959262349111, 41.603833939968126 ], [ -83.102627969746138, 41.615400030416254 ], [ -83.114122728337762, 41.618531840815173 ], [ -83.149313274231389, 41.621822204464976 ], [ -83.181039988334888, 41.628217662394043 ], [ -83.187920739140893, 41.630180162461805 ], [ -83.213741805488951, 41.6383514228555 ], [ -83.227563243279931, 41.647218443758746 ], [ -83.239775257630342, 41.655226023647636 ], [ -83.260779715388111, 41.666014833511213 ], [ -83.330807721919285, 41.706909118338977 ], [ -83.335127158799452, 41.707675381675834 ], [ -83.336561552788567, 41.6998887000533 ], [ -83.340781571820315, 41.695104704765761 ], [ -83.348561044702379, 41.690949581408667 ], [ -83.357985854066342, 41.688496377842384 ], [ -83.364852910640451, 41.688179609473799 ], [ -83.422577730539047, 41.691822152987172 ], [ -83.429976049623974, 41.69309589281719 ], [ -83.45793619645346, 41.708645289627718 ], [ -83.465685148236261, 41.71295215612767 ], [ -83.467777526605261, 41.71527440890803 ], [ -83.468028376723169, 41.718050406695738 ], [ -83.465457235631504, 41.721179650328295 ], [ -83.460419356165787, 41.723165051304512 ], [ -83.457048128604285, 41.723792890443555 ], [ -83.452895445384172, 41.72668700781459 ], [ -83.448808742867342, 41.73826855660419 ], [ -83.450632284605092, 41.740158458500815 ], [ -83.453662394392524, 41.741507124783915 ], [ -83.461179963221483, 41.733997883751357 ], [ -83.466950737002577, 41.731256873779557 ], [ -83.470599936654551, 41.730613200373504 ], [ -83.475233074329921, 41.731967445033561 ], [ -83.47615723648687, 41.733214291650306 ], [ -83.477629563048367, 41.735200602824001 ], [ -83.46958332869734, 41.758659940116182 ], [ -83.467010383170319, 41.761788997144244 ], [ -83.463569944547274, 41.762892281753672 ], [ -83.439740848764671, 41.762708836046237 ], [ -83.436127642463688, 41.761911907260853 ], [ -83.433524821315629, 41.75989001913301 ], [ -83.429822057281399, 41.750575604503872 ], [ -83.430253422559801, 41.738304219896989 ], [ -83.426067334723555, 41.736405527030804 ], [ -83.422496509844152, 41.738024737610502 ], [ -83.421529255358777, 41.743144264620383 ], [ -83.430543419953921, 41.763593901872703 ], [ -83.439765022909086, 41.79169144841962 ], [ -83.441461673294199, 41.802064861296294 ], [ -83.43873868774125, 41.811103813970028 ], [ -83.436208860556491, 41.814222097160098 ], [ -83.427802691292825, 41.819690024552237 ], [ -83.424177767978321, 41.820950327017869 ], [ -83.418603576262186, 41.821640295419257 ], [ -83.412348762013536, 41.82509930071469 ], [ -83.398044244376052, 41.845777462201617 ], [ -83.394418835544442, 41.853424349819825 ], [ -83.380894673661203, 41.868575036863334 ], [ -83.374430025948072, 41.87313641450001 ], [ -83.356061386139885, 41.883782588854288 ], [ -83.339500261634441, 41.886991520047317 ], [ -83.33553285096859, 41.889649957992972 ], [ -83.330890293929386, 41.898391907879855 ], [ -83.327889406582841, 41.920418504234348 ], [ -83.322093484485663, 41.928771920896679 ], [ -83.314037920235037, 41.936515795610603 ], [ -83.302598515927485, 41.942790858491392 ], [ -83.294624561451542, 41.944785122135677 ], [ -83.291014617885324, 41.944857658450211 ], [ -83.276892700092745, 41.942430994863408 ], [ -83.263023212486758, 41.935495971807306 ], [ -83.253413165881838, 41.943414497537965 ], [ -83.252100889110437, 41.945575205393496 ], [ -83.25251439942889, 41.948191827576409 ], [ -83.255352381032139, 41.952059872697674 ], [ -83.255645795504606, 41.954617040328877 ], [ -83.255050911215406, 41.957388479624186 ], [ -83.249056355525894, 41.972337365160747 ], [ -83.246818751159608, 41.974563808006593 ], [ -83.218965866902636, 41.992910375523657 ], [ -83.192811447042445, 42.031233074134107 ], [ -83.188253014942234, 42.039458398585225 ], [ -83.186094346617608, 42.050593628057065 ], [ -83.186987261950122, 42.054790651309709 ], [ -83.191417700877651, 42.059932963392789 ], [ -83.192795826211238, 42.063474765883207 ], [ -83.189333837126469, 42.091274878044516 ], [ -83.172304788598524, 42.092833227178254 ], [ -83.166148496860387, 42.089771468522642 ], [ -83.151853933613779, 42.091224618320766 ], [ -83.137054676386185, 42.088618543172949 ], [ -83.126545773592966, 42.084924309655051 ], [ -83.128163978862389, 42.075262537442747 ], [ -83.127800634500076, 42.069959851524466 ], [ -83.126322878200057, 42.065968845069584 ], [ -83.122125600299071, 42.061303649784435 ], [ -83.111489180356486, 42.053214006763902 ], [ -83.099529710772259, 42.048591976815452 ], [ -83.050494190565715, 42.039086542435015 ], [ -83.025145565114641, 42.032003633527708 ], [ -82.989121876765211, 42.016060744837183 ], [ -82.979640871939793, 42.007623440759289 ], [ -82.962791528484885, 41.994090028606749 ], [ -82.95380249114784, 41.989659948820083 ], [ -82.932757660933575, 41.982131961533788 ], [ -82.929162542028195, 41.981535702987266 ], [ -82.920167877754267, 41.982340947895239 ], [ -82.878242669064321, 41.989372813476585 ], [ -82.856594618358159, 41.9899424955927 ], [ -82.834913715918731, 41.991709435795542 ], [ -82.816693180917582, 41.995448088569113 ], [ -82.776774877204275, 42.013584943051214 ], [ -82.753842190717293, 42.025484704982418 ], [ -82.750683662088619, 42.026992282739258 ], [ -82.694181379548183, 42.031974864335119 ], [ -82.684983199115962, 42.035809393580649 ], [ -82.672627049215535, 42.038980253685288 ], [ -82.659231824994961, 42.038852774628644 ], [ -82.633211755304984, 42.036357035580153 ], [ -82.618550526615422, 42.034016298986529 ], [ -82.596510557114854, 42.028773048612265 ], [ -82.585519792769006, 42.023180701421296 ], [ -82.57546957833398, 42.015691619280737 ], [ -82.542450374339396, 41.977388534384524 ], [ -82.537874679714449, 41.971848680847337 ], [ -82.533843875233558, 41.961643760146778 ], [ -82.519640873558501, 41.934291951562294 ], [ -82.513210473366797, 41.922993396485197 ], [ -82.509710978368858, 41.921258843774467 ], [ -82.506647287738161, 41.921712144598828 ], [ -82.504233999654019, 41.924361931958828 ], [ -82.505984398199502, 41.94205457010883 ], [ -82.505218240111233, 41.963578519886951 ], [ -82.502093251684798, 41.994998835860457 ], [ -82.49859596578743, 42.00711454955897 ], [ -82.485466306981678, 42.032205848857586 ], [ -82.471129966185799, 42.056627567078067 ], [ -82.449637620739196, 42.078429409235291 ], [ -82.421148036869397, 42.103971188042834 ], [ -82.411076713859799, 42.111354645897094 ], [ -82.378738792826681, 42.129455942896371 ], [ -82.319050228819691, 42.149514082169532 ], [ -82.251844647316076, 42.172542318079671 ], [ -82.201272888243523, 42.190729110831199 ], [ -82.180913190720688, 42.200861645680952 ], [ -82.147783128968342, 42.21896565025375 ], [ -82.133760047291474, 42.22868811215865 ], [ -82.073955213208862, 42.247000205369936 ], [ -82.068717042428915, 42.251393257881809 ], [ -82.061711760500046, 42.255260168197829 ], [ -81.997502419449049, 42.26491676685739 ], [ -81.960763388200647, 42.263234245071949 ], [ -81.933283562449262, 42.258578428431868 ], [ -81.929741414320958, 42.259035606917166 ], [ -81.927525127175144, 42.262778966065561 ], [ -81.93144732012847, 42.268969025154632 ], [ -81.932511862779478, 42.271961523175229 ], [ -81.932887111369752, 42.27593695504644 ], [ -81.925646401023172, 42.287979449583432 ], [ -81.905390736055537, 42.301563602662227 ], [ -81.890369864336591, 42.311093358494276 ], [ -81.871050182815722, 42.320483521495824 ], [ -81.862149091214434, 42.322095141333364 ], [ -81.858380417798898, 42.321717635789007 ], [ -81.855362256906659, 42.320014810072124 ], [ -81.853898580976363, 42.317442707401263 ], [ -81.85558228776199, 42.311655978285259 ], [ -81.861995093796921, 42.294092532752437 ], [ -81.863867994646924, 42.290527136715113 ], [ -81.866171286908809, 42.288332309004801 ], [ -81.873212918414126, 42.28557702472532 ], [ -81.876062217873667, 42.282367481007391 ], [ -81.877045962391179, 42.253431669296319 ], [ -81.874563650476787, 42.250595683225832 ], [ -81.865868499612191, 42.249683369523652 ], [ -81.858021730286112, 42.250957710223396 ], [ -81.848818613568724, 42.254058582435881 ], [ -81.844305112918462, 42.25841999595638 ], [ -81.842993206592794, 42.263797944235534 ], [ -81.842289963249357, 42.285328658898372 ], [ -81.843726181720001, 42.300535767354582 ], [ -81.840401939302865, 42.325669390008755 ], [ -81.835037870335086, 42.352054086561516 ], [ -81.831206557854969, 42.361074205195614 ], [ -81.825815857224526, 42.368576584173013 ], [ -81.80721137833649, 42.389240717078238 ], [ -81.800408030997247, 42.395533070997843 ], [ -81.775628121092922, 42.413503527811656 ], [ -81.76872941104979, 42.417734453638559 ], [ -81.730531798370791, 42.435185332461586 ], [ -81.685705632042982, 42.462259046593331 ], [ -81.645938816458298, 42.481370339802652 ], [ -81.630888516814409, 42.489553722647955 ], [ -81.617194774310803, 42.503901578047412 ], [ -81.610665937991683, 42.509633970244913 ], [ -81.590144397831978, 42.522719014702155 ], [ -81.570229095188708, 42.540398756681128 ], [ -81.558010563863832, 42.553683166954094 ], [ -81.54081138355599, 42.562644845776937 ], [ -81.505017825775212, 42.575765311760406 ], [ -81.473249490301669, 42.584069777367795 ], [ -81.467299714183739, 42.586236925125647 ], [ -81.465071387331037, 42.58833196355684 ], [ -81.460212831258971, 42.597377105831811 ], [ -81.454682111039361, 42.602262701848517 ], [ -81.448819036700911, 42.605504589653982 ], [ -81.404699484713362, 42.609898953148559 ], [ -81.395732168196915, 42.611406358664453 ], [ -81.386542395391189, 42.616309480918993 ], [ -81.367357398882049, 42.630663055778392 ], [ -81.353242384568048, 42.641809156448751 ], [ -81.340570642777109, 42.649703238982433 ], [ -81.337557655944124, 42.650820232971597 ], [ -81.32094906810994, 42.653754775923225 ], [ -81.267889581519796, 42.662258465433496 ], [ -81.247362710056251, 42.664995352899176 ], [ -81.203184111824726, 42.667947253481159 ], [ -81.176151213619505, 42.666105599977421 ], [ -81.162777630436707, 42.665267237620405 ], [ -81.138849981840366, 42.668541736644826 ], [ -81.122310814918492, 42.669867298324576 ], [ -81.072486292392895, 42.667551781133888 ], [ -81.054534619383588, 42.664878004826427 ], [ -81.02626382203799, 42.658870110629813 ], [ -81.005507244523201, 42.655941462167128 ], [ -80.985600372171859, 42.660238584324233 ], [ -80.934179791355618, 42.659107629844975 ], [ -80.883586553510412, 42.659049298426709 ], [ -80.835602572996549, 42.652269546045147 ], [ -80.791826951730499, 42.642431712821214 ], [ -80.705466995745411, 42.614999101353433 ], [ -80.675012467501631, 42.600155749073174 ], [ -80.635628740472569, 42.584820893491333 ], [ -80.626908952107399, 42.582732718537571 ], [ -80.603758946370235, 42.578152899039019 ], [ -80.596155988286185, 42.57705117985202 ], [ -80.529765876500676, 42.574200045529686 ], [ -80.50333519525573, 42.573473095318938 ], [ -80.487984732757027, 42.575549810023951 ], [ -80.379362417329673, 42.576901737473975 ], [ -80.345251154779049, 42.573844239195353 ], [ -80.245263294659935, 42.558632235780991 ], [ -80.185057510715396, 42.545371166142139 ], [ -80.127127362260069, 42.540551843991373 ], [ -80.095189572876535, 42.539521148102587 ], [ -80.051271286313892, 42.544504219227065 ], [ -80.044114508902084, 42.549965531900128 ], [ -80.045459433167252, 42.552055511181656 ], [ -80.054350092106873, 42.555816122220207 ], [ -80.113490977520541, 42.558550410847644 ], [ -80.121103302366038, 42.569256768642838 ], [ -80.135227456139745, 42.57311092945578 ], [ -80.14056848451095, 42.57173476357481 ], [ -80.143521504162536, 42.570973742514887 ], [ -80.148487248127608, 42.561477890661365 ], [ -80.24430718438542, 42.566674323629968 ], [ -80.261176878998754, 42.573935738027686 ], [ -80.262071786768203, 42.582294312372802 ], [ -80.293305649970847, 42.589297650126554 ], [ -80.328923626627528, 42.592204402810275 ], [ -80.33884999343654, 42.600642311906128 ], [ -80.348365474942852, 42.600570292184351 ], [ -80.367766799733232, 42.600420863704407 ], [ -80.406833502433514, 42.591621000515701 ], [ -80.431111899341957, 42.591430732861561 ], [ -80.439679002148466, 42.597666451442095 ], [ -80.445663977088429, 42.616455234601581 ], [ -80.445689101514887, 42.623053224760071 ], [ -80.443592096096452, 42.626529470359699 ], [ -80.415257516792991, 42.650445994845576 ], [ -80.404498222232931, 42.656801181055329 ], [ -80.373912925699784, 42.673490297516366 ], [ -80.366340414942243, 42.675157016031093 ], [ -80.361769349029061, 42.674819635301411 ], [ -80.358775075151769, 42.673076764717216 ], [ -80.357368314246614, 42.670487563066963 ], [ -80.358542708950878, 42.666928519512915 ], [ -80.359890710764915, 42.664087314850377 ], [ -80.338215169670406, 42.656191215699224 ], [ -80.335132905339506, 42.655904455848997 ], [ -80.331244750290864, 42.659252527263845 ], [ -80.332929539613019, 42.664864203671321 ], [ -80.331744456431622, 42.673657375229084 ], [ -80.321649005847291, 42.69320779453475 ], [ -80.314555249975612, 42.701424460075607 ], [ -80.31101857649189, 42.704490945866596 ], [ -80.293555308884578, 42.7153293261714 ], [ -80.270041394828965, 42.733209086179087 ], [ -80.263184375803505, 42.741797193416211 ], [ -80.250708017227154, 42.752544604330197 ], [ -80.228090581665157, 42.77039710768679 ], [ -80.213490881921942, 42.779498142164933 ], [ -80.208635603619598, 42.78184035232978 ], [ -80.202357554876215, 42.783424809107792 ], [ -80.170507223599486, 42.787537490213623 ], [ -80.15716091811862, 42.788205049136309 ], [ -80.124684424513219, 42.786611901466046 ], [ -80.067029029628998, 42.786125195800068 ], [ -80.038099564965719, 42.794154387546996 ], [ -80.029008803957367, 42.797586517878713 ], [ -80.018309439815724, 42.804433220597083 ], [ -80.014293564539685, 42.805728857431014 ], [ -80.010723508861062, 42.806028203911623 ], [ -79.993907834961831, 42.803842003123293 ], [ -79.990545636467431, 42.802489136470506 ], [ -79.982374127471147, 42.795031913505987 ], [ -79.973166949386325, 42.80282531293544 ], [ -79.970403514325071, 42.804125601229707 ], [ -79.956933891026949, 42.807661973725374 ], [ -79.943722279052551, 42.806121450889052 ], [ -79.940615856017615, 42.806213474144357 ], [ -79.92536253210416, 42.81105963438975 ], [ -79.896118778839821, 42.817702417277751 ], [ -79.860883814338635, 42.824332875358053 ], [ -79.833045665679293, 42.825698435123627 ], [ -79.789033346505661, 42.837784590220743 ], [ -79.739402033017342, 42.850774683143435 ], [ -79.702758877529121, 42.859500629771112 ], [ -79.698216413083756, 42.859781803211213 ], [ -79.691518365820798, 42.858840692443486 ], [ -79.670652252931859, 42.854104745752558 ], [ -79.664573796101621, 42.852724284845706 ], [ -79.644485421532309, 42.844734684166752 ], [ -79.641836499529362, 42.843204340370761 ], [ -79.636895330082424, 42.838558020236867 ], [ -79.633746049409325, 42.837730793777766 ], [ -79.626080919648359, 42.838590941421522 ], [ -79.610710812769057, 42.844207245500492 ], [ -79.589355750151128, 42.854232768787618 ], [ -79.577302707936639, 42.857162829268496 ], [ -79.573239689572887, 42.857235208035966 ], [ -79.562239195333831, 42.85247012498111 ], [ -79.557944100113616, 42.850485062046971 ] ] ] } },
{ "type": "Feature", "id": 0, "properties": { "lakeid": 1 }, "geometry": { "type": "Polygon", "coordinates": [ [ [ -84.086768361865495, 46.330904012560701 ], [ -84.071399763812749, 46.325359848064302 ], [ -84.055124649916351, 46.319993916993432 ], [ -84.050997484201147, 46.318345829597007 ], [ -84.018887131994063, 46.318586968549468 ], [ -83.999440615640324, 46.320394960668956 ], [ -83.982316227441729, 46.321984598822638 ], [ -83.973382712374516, 46.324509733518425 ], [ -83.967388389572037, 46.328321694919708 ], [ -83.963660975945558, 46.329430148666077 ], [ -83.93133157473855, 46.332779264397281 ], [ -83.911084564145952, 46.332811839686435 ], [ -83.886954589292074, 46.325363958297402 ], [ -83.884887345355509, 46.323362700710625 ], [ -83.88361864719775, 46.320651383156658 ], [ -83.881140291551475, 46.304244023013396 ], [ -83.873268771666176, 46.297494527560524 ], [ -83.866048885574543, 46.295666860918914 ], [ -83.826924760899999, 46.293804022914991 ], [ -83.795421876477235, 46.292689248927829 ], [ -83.791470917976383, 46.293332538439913 ], [ -83.762126651514606, 46.291454726061417 ], [ -83.724161385143645, 46.279984649167076 ], [ -83.71255483577086, 46.273289407883141 ], [ -83.708652917703773, 46.268723315764639 ], [ -83.705483745461024, 46.267564264315887 ], [ -83.664598381925103, 46.269948358667627 ], [ -83.659985694404938, 46.270330945068785 ], [ -83.639776044916616, 46.274178031815111 ], [ -83.621783534171087, 46.278517032952273 ], [ -83.614999205594728, 46.278518458500074 ], [ -83.610759622483428, 46.277668226557431 ], [ -83.592453596355497, 46.269629208899964 ], [ -83.572073499296508, 46.258807318397885 ], [ -83.569849512875351, 46.256482505030569 ], [ -83.569660640694977, 46.253587096353854 ], [ -83.573572600296046, 46.241994095151128 ], [ -83.569979351646623, 46.238731413543938 ], [ -83.565881483036137, 46.239014322465138 ], [ -83.55969620104463, 46.242410204056732 ], [ -83.552813378360241, 46.251118823549696 ], [ -83.54925262627367, 46.253219615265841 ], [ -83.545053665607767, 46.254435626217735 ], [ -83.540999967306064, 46.254590675229828 ], [ -83.439798500005594, 46.239732950765656 ], [ -83.421352247748843, 46.235970917213997 ], [ -83.379368759793962, 46.226540431782503 ], [ -83.355695544847364, 46.220771100971859 ], [ -83.321508052020491, 46.215749106878214 ], [ -83.295736315038127, 46.214311315619909 ], [ -83.23529997600788, 46.203947284138188 ], [ -83.188542719067001, 46.199210094367054 ], [ -83.175229913391576, 46.198131363898725 ], [ -83.171617130937648, 46.196867136650148 ], [ -83.169105081853814, 46.193623207022576 ], [ -83.169604851995501, 46.190866058244893 ], [ -83.161048902937239, 46.186421336813098 ], [ -83.146763034897177, 46.184254187874139 ], [ -83.140998456797647, 46.183992891022619 ], [ -83.120355655161319, 46.192415516199411 ], [ -83.112127311713763, 46.194051105886722 ], [ -83.104023012371911, 46.194008818424194 ], [ -83.100612357731407, 46.193376857127539 ], [ -83.095964105591051, 46.191616138182916 ], [ -83.065091050481001, 46.176348109298139 ], [ -83.062890494814837, 46.174014216221394 ], [ -83.059149861586093, 46.165440621021652 ], [ -83.044493673238648, 46.16682488096049 ], [ -83.015783683767168, 46.167474725960318 ], [ -83.011036880358461, 46.167581477111185 ], [ -82.990222860236116, 46.17097964978251 ], [ -82.973888971732222, 46.174451774925181 ], [ -82.963097538441389, 46.179212183192611 ], [ -82.940123918915745, 46.179665964439955 ], [ -82.920138345044421, 46.176433347097671 ], [ -82.906376984633894, 46.173245224801889 ], [ -82.897877098238553, 46.173474153118896 ], [ -82.866548773817684, 46.179021791946631 ], [ -82.839332174381298, 46.17833765902644 ], [ -82.816469831347277, 46.181245387095224 ], [ -82.813265979619032, 46.183180036393018 ], [ -82.807265517223939, 46.188834039953932 ], [ -82.803304545908276, 46.190791653500796 ], [ -82.788259711264885, 46.193545455865824 ], [ -82.763499702976105, 46.192346711763633 ], [ -82.746369114574463, 46.189739160579322 ], [ -82.735552225186552, 46.189842999744641 ], [ -82.690344273597987, 46.198791025877085 ], [ -82.68596588747036, 46.198962413385495 ], [ -82.682363427251346, 46.197683345580245 ], [ -82.679879302899067, 46.194429722512758 ], [ -82.681032003940331, 46.190845320418475 ], [ -82.693155810610762, 46.179956520547847 ], [ -82.696967307231034, 46.178260333018279 ], [ -82.704902364244219, 46.175897880343513 ], [ -82.705593083579956, 46.172339166516416 ], [ -82.694943583424191, 46.16026625872653 ], [ -82.689587051132492, 46.158091423029497 ], [ -82.676625050926319, 46.158309264197996 ], [ -82.662461788835145, 46.160141084479854 ], [ -82.647178645223505, 46.163244083392314 ], [ -82.623633699889368, 46.168407375931316 ], [ -82.586276772264881, 46.171748325789515 ], [ -82.570195696471487, 46.169093532730997 ], [ -82.544879121257452, 46.170878537720377 ], [ -82.522392643075676, 46.172713587657263 ], [ -82.492736452701678, 46.181624290793515 ], [ -82.484912582459359, 46.184228213028646 ], [ -82.451588651369235, 46.193377969591026 ], [ -82.422295128521895, 46.189456254529325 ], [ -82.391673064600951, 46.185348180191987 ], [ -82.344063701974818, 46.184685847620457 ], [ -82.332559887249559, 46.185613459902456 ], [ -82.324800532272889, 46.183859116895803 ], [ -82.321206376554585, 46.182568999262529 ], [ -82.318743775796989, 46.179308391330487 ], [ -82.318437358171224, 46.167175342979505 ], [ -82.322070886263887, 46.164478248256266 ], [ -82.325173163661049, 46.163622914239383 ], [ -82.329228012784228, 46.163511178735249 ], [ -82.354603923498985, 46.167369454251684 ], [ -82.379728207761374, 46.169208307632374 ], [ -82.385636782360507, 46.168312648825101 ], [ -82.394379081008509, 46.166737728184302 ], [ -82.404598980658903, 46.16285466771258 ], [ -82.408510685942275, 46.157711071602947 ], [ -82.404552926533896, 46.155072546567212 ], [ -82.398342949047617, 46.155238510043993 ], [ -82.386844129423764, 46.159320993246169 ], [ -82.382862871147523, 46.159922917602046 ], [ -82.360154140761054, 46.156428171200581 ], [ -82.34411368841694, 46.152979267053468 ], [ -82.316180181804199, 46.134988492969043 ], [ -82.312230392763126, 46.133522779705253 ], [ -82.300185173695453, 46.133253640859365 ], [ -82.296793305958431, 46.133970935718523 ], [ -82.294426841801567, 46.137741677694507 ], [ -82.291533664639218, 46.140829306822042 ], [ -82.28778289285701, 46.141882414459502 ], [ -82.269209805748872, 46.143509293561578 ], [ -82.235607811772553, 46.140202869822808 ], [ -82.232014324156978, 46.138907131695468 ], [ -82.217804859874875, 46.129927386452174 ], [ -82.178044831290066, 46.113195554580194 ], [ -82.14628188935086, 46.104693801703405 ], [ -82.126369858182741, 46.110922689753451 ], [ -82.124479777719145, 46.113377958525021 ], [ -82.119716030990062, 46.115053277388547 ], [ -82.082296481095767, 46.113621273644107 ], [ -82.061310882115961, 46.107062186223935 ], [ -82.055881005785963, 46.105122115901061 ], [ -82.044045964135734, 46.10444806657592 ], [ -82.038487628850163, 46.107152715775342 ], [ -82.033721577261844, 46.108824371822813 ], [ -82.029258493119045, 46.108301709874212 ], [ -81.993732090121341, 46.09602441250032 ], [ -81.99040995465225, 46.094337506396144 ], [ -81.979173161698014, 46.091674773861811 ], [ -81.956013037214788, 46.089520864284196 ], [ -81.922486309491973, 46.090128632880329 ], [ -81.887788410490103, 46.094715625425707 ], [ -81.845972659637511, 46.098194455195674 ], [ -81.828149771487844, 46.099224070146661 ], [ -81.823453189568198, 46.099058717134426 ], [ -81.819391158027571, 46.097415517663258 ], [ -81.814394083941778, 46.093602033147988 ], [ -81.810933468763125, 46.092752551906848 ], [ -81.779279208126198, 46.095282789246504 ], [ -81.771165349369042, 46.096129086213459 ], [ -81.768024344176325, 46.097873757731563 ], [ -81.765452289287055, 46.101255837027949 ], [ -81.760628243386677, 46.102933332712112 ], [ -81.731992858790719, 46.101801532117079 ], [ -81.719745610144869, 46.100997266530918 ], [ -81.7158343109881, 46.098490195238988 ], [ -81.714997708140146, 46.095773642784494 ], [ -81.718178457437133, 46.083717812584283 ], [ -81.72008565799878, 46.081269754246108 ], [ -81.724859572472582, 46.079611607445131 ], [ -81.739073530345948, 46.079894908917119 ], [ -81.74574957592931, 46.078411626459996 ], [ -81.773234417773153, 46.067354733745432 ], [ -81.776851931855106, 46.063510683960118 ], [ -81.776076233994544, 46.057134187059795 ], [ -81.76614678781489, 46.039283383903552 ], [ -81.767210833030703, 46.023575897379622 ], [ -81.769118574431161, 46.008841507856054 ], [ -81.769739865867294, 46.006589662289869 ], [ -81.76800553159552, 46.002602836135722 ], [ -81.763339714654165, 46.000194895877975 ], [ -81.757810828798526, 46.001135827829195 ], [ -81.754135274313541, 46.003241751444989 ], [ -81.740998714913317, 46.017426109713519 ], [ -81.728658290925608, 46.042457057858535 ], [ -81.735650110850429, 46.054336693071932 ], [ -81.740864639869272, 46.055168820731836 ], [ -81.743908631813369, 46.057419313163614 ], [ -81.744746504174415, 46.060135688213649 ], [ -81.743491672065744, 46.062774092501812 ], [ -81.740477021247855, 46.064627295824941 ], [ -81.73491151284172, 46.065134955899694 ], [ -81.731337217295703, 46.063827013650197 ], [ -81.728826815748405, 46.060303200243283 ], [ -81.726757712635944, 46.057814379005613 ], [ -81.721471672572704, 46.057671301938221 ], [ -81.649426675322559, 46.067163503560188 ], [ -81.648897234957616, 46.069589271635067 ], [ -81.652210820125632, 46.07816867980516 ], [ -81.65474492764271, 46.083136725775667 ], [ -81.657251197106788, 46.086190052024442 ], [ -81.657491819402495, 46.088941928064806 ], [ -81.653558656709691, 46.105281584279133 ], [ -81.651055339422243, 46.107463622420887 ], [ -81.64399293653814, 46.110128506468946 ], [ -81.63312197022978, 46.111058731205581 ], [ -81.622600284732812, 46.109407453205002 ], [ -81.618169604545614, 46.107407908504499 ], [ -81.616616732121358, 46.103896613681115 ], [ -81.61767517628887, 46.101106533777411 ], [ -81.615545709938374, 46.098327663812263 ], [ -81.610189478001544, 46.096940484469656 ], [ -81.587257609852458, 46.093589197912031 ], [ -81.563872207419493, 46.090595619217432 ], [ -81.55020657050953, 46.091052492105668 ], [ -81.54485785231401, 46.090844188755511 ], [ -81.541674468676348, 46.089126089192057 ], [ -81.53903888504793, 46.086044557165231 ], [ -81.536258954644254, 46.079748574188685 ], [ -81.532943313828355, 46.050865910751718 ], [ -81.534426275859786, 46.047079653965817 ], [ -81.537357327861201, 46.044012602251385 ], [ -81.540372603156086, 46.043070331232933 ], [ -81.61556029811797, 46.031021282074015 ], [ -81.61633171917903, 46.027480059819922 ], [ -81.612930990040525, 46.024042037415228 ], [ -81.612800372336622, 46.021267869672847 ], [ -81.61470952555193, 46.018821806569754 ], [ -81.61814774849455, 46.017359018415227 ], [ -81.633731338704763, 46.011720240535745 ], [ -81.644978528506996, 46.010751183310397 ], [ -81.655628895122291, 46.007178265462414 ], [ -81.654836991469779, 46.003015189983131 ], [ -81.65187578151199, 46.001914633381823 ], [ -81.628546055637329, 46.003551608371012 ], [ -81.619608893066385, 46.00360928845037 ], [ -81.576561425559333, 46.003288260977399 ], [ -81.57056060162968, 46.002948569402683 ], [ -81.567043262166422, 46.002097615706838 ], [ -81.563437524479539, 46.000451863791511 ], [ -81.560788914397548, 45.998404138646258 ], [ -81.560154090793915, 45.994762005746345 ], [ -81.563266977357699, 45.991509225434967 ], [ -81.568645588241068, 45.989502484805513 ], [ -81.571918173284573, 45.988897268137841 ], [ -81.586617729129969, 45.988428926290318 ], [ -81.614329410520824, 45.973468254351801 ], [ -81.662119890631942, 45.951568836719993 ], [ -81.665967341685828, 45.950220188178385 ], [ -81.670007805041919, 45.950130892723315 ], [ -81.674374503420452, 45.951006120911437 ], [ -81.678048074047581, 45.950435729779173 ], [ -81.692402888945594, 45.943564993393167 ], [ -81.69266150321063, 45.940529049310705 ], [ -81.688670814489257, 45.938312659028412 ], [ -81.679193294495832, 45.938829568062957 ], [ -81.661864148890061, 45.94194306633954 ], [ -81.653129838494365, 45.944346820597438 ], [ -81.644405677799682, 45.94781152395597 ], [ -81.618888920388684, 45.96116205953367 ], [ -81.575323495885996, 45.978182845237889 ], [ -81.533869130082948, 45.991828033533977 ], [ -81.516560595438065, 46.000115702827088 ], [ -81.493845027563026, 46.010246326752622 ], [ -81.489799379634761, 46.010329192159652 ], [ -81.486233554892266, 46.009013925914793 ], [ -81.484102783458894, 46.00665274562845 ], [ -81.483978206633466, 46.003878787784956 ], [ -81.492100668122646, 45.989073573902182 ], [ -81.494975369224122, 45.987217456761307 ], [ -81.507306491311041, 45.982245744891173 ], [ -81.510490835310421, 45.979750844192075 ], [ -81.510792040472197, 45.970782006168477 ], [ -81.507113991752192, 45.967792201377705 ], [ -81.49177957857313, 45.967205674793917 ], [ -81.47844745255847, 45.968753345084444 ], [ -81.462326698645484, 45.974792508969273 ], [ -81.458415207954204, 45.981562658864867 ], [ -81.454130715449239, 45.983753653759273 ], [ -81.442250879908713, 45.985442474618296 ], [ -81.401102931339736, 45.987212043032045 ], [ -81.396365736277971, 45.986660359300771 ], [ -81.393191842470245, 45.984938658900589 ], [ -81.391694256263833, 45.98235895447857 ], [ -81.389895577412346, 45.978148136647626 ], [ -81.38488080202039, 45.975811406949667 ], [ -81.379007425156487, 45.974175068981658 ], [ -81.345212761013016, 45.968724914566444 ], [ -81.320254913529084, 45.971392430520439 ], [ -81.315134469771934, 45.972439217412109 ], [ -81.28544491852081, 45.968128583547525 ], [ -81.281885949184627, 45.96680721334176 ], [ -81.279489645311102, 45.963527079930714 ], [ -81.279789115901877, 45.960321511287077 ], [ -81.277158458545358, 45.95610085027274 ], [ -81.271311958152552, 45.951981632680592 ], [ -81.268709247466305, 45.950535768771665 ], [ -81.249764048536179, 45.948521277000943 ], [ -81.246653232921517, 45.94938419869667 ], [ -81.239981545566593, 45.955796472998742 ], [ -81.233274793277573, 45.958185953148792 ], [ -81.22708779320385, 45.958438121739981 ], [ -81.209342422966415, 45.957211665185113 ], [ -81.206175263742892, 45.955484866762184 ], [ -81.203530847962938, 45.952670662201577 ], [ -81.199055896149886, 45.951148472424009 ], [ -81.195300576765973, 45.951631759124254 ], [ -81.188537393239827, 45.954392670535356 ], [ -81.18634338634277, 45.956351031264951 ], [ -81.190769167182296, 45.967698530827704 ], [ -81.19039947594203, 45.971469666007962 ], [ -81.188473135143397, 45.973907934400394 ], [ -81.151753757447665, 45.996719953587636 ], [ -81.147707924828481, 45.996790577831447 ], [ -81.143247110984234, 45.994764850337312 ], [ -81.141760792539984, 45.992182311490232 ], [ -81.14010394540405, 45.982465266536437 ], [ -81.141350064514185, 45.978900411972838 ], [ -81.155919544113999, 45.965487998089337 ], [ -81.181367766523294, 45.928841057269743 ], [ -81.178580886237611, 45.927460051797439 ], [ -81.15694877575342, 45.925587475609049 ], [ -81.139564676742793, 45.929657664848129 ], [ -81.114433295873923, 45.938052556424161 ], [ -81.103280512844719, 45.934815024463454 ], [ -81.082074094233093, 45.936470230768919 ], [ -81.071169320753697, 45.939286873962253 ], [ -81.062303888014696, 45.943942471877612 ], [ -81.055367135261164, 45.949467338438218 ], [ -81.051772918850446, 45.95110985845502 ], [ -81.044298581686775, 45.952354739509417 ], [ -81.040610236919576, 45.952050021422146 ], [ -81.010484750230432, 45.946098321488023 ], [ -80.972345216432942, 45.947330299430043 ], [ -80.968345163094185, 45.946911880291999 ], [ -80.964475121496534, 45.944380829197677 ], [ -80.963675582325124, 45.941660370745772 ], [ -80.964820340801026, 45.935592195023219 ], [ -80.963414805003396, 45.93287091504893 ], [ -80.960815251956717, 45.931417960832725 ], [ -80.935140119398028, 45.92624865627306 ], [ -80.907568411614378, 45.927340482892099 ], [ -80.90452030328909, 45.928623209374187 ], [ -80.898161194587786, 45.934463341287767 ], [ -80.89165049375778, 45.937542235791142 ], [ -80.887607698283972, 45.93760387784517 ], [ -80.880733424125168, 45.935503912656088 ], [ -80.870215745803833, 45.931602681301847 ], [ -80.868147044848371, 45.928958634313126 ], [ -80.862540719337886, 45.924013382694511 ], [ -80.844958405938627, 45.918506183770184 ], [ -80.8331255139353, 45.918449202751482 ], [ -80.824669047919201, 45.922525924380018 ], [ -80.81749221539323, 45.935175578587845 ], [ -80.803970808438194, 45.952689031426281 ], [ -80.79884069850803, 45.953712106903396 ], [ -80.793945719190219, 45.952233282226835 ], [ -80.791749985591309, 45.949737186859331 ], [ -80.784650052901867, 45.932323964903645 ], [ -80.784997111853926, 45.928666524742944 ], [ -80.792697472923663, 45.918111271935047 ], [ -80.799915448877556, 45.903389545964828 ], [ -80.800486537170286, 45.89969485184502 ], [ -80.797050437102897, 45.896362187418283 ], [ -80.793549516947294, 45.896397400011985 ], [ -80.783402872018485, 45.899950801161552 ], [ -80.780166025597794, 45.902730778743134 ], [ -80.779169786540194, 45.906744776054502 ], [ -80.772316509469391, 45.917774750146371 ], [ -80.769690468828657, 45.919878874479025 ], [ -80.76520447613278, 45.921469680959518 ], [ -80.758383178319193, 45.921999770823106 ], [ -80.751011037457957, 45.921225488832178 ], [ -80.742001141908588, 45.918484810533542 ], [ -80.736998103420817, 45.916379006843982 ], [ -80.734165377215675, 45.914216346298915 ], [ -80.731826387134973, 45.909684641445345 ], [ -80.723717742515092, 45.887923701304736 ], [ -80.725028658796916, 45.883699797663823 ], [ -80.728360573272965, 45.880987282355335 ], [ -80.734116829016727, 45.878068885197294 ], [ -80.735268365945757, 45.87575368521648 ], [ -80.727255514194567, 45.858404704071944 ], [ -80.724972539043506, 45.855543132190633 ], [ -80.722366334231992, 45.85403532429126 ], [ -80.705405198714075, 45.846923722265807 ], [ -80.688539701443631, 45.844246586674593 ], [ -80.681466945236238, 45.843513117436409 ], [ -80.673984257183974, 45.844207805996554 ], [ -80.670445614169395, 45.842868365249167 ], [ -80.668088097751692, 45.839577056538388 ], [ -80.668705691408178, 45.836836629725973 ], [ -80.673172115252896, 45.832372747924737 ], [ -80.678026990495781, 45.830197961160955 ], [ -80.681434862648842, 45.829365940550886 ], [ -80.686409486353554, 45.82960147941526 ], [ -80.694909321022266, 45.831132521241081 ], [ -80.70986326872648, 45.834969168102106 ], [ -80.714854658456375, 45.833500330781987 ], [ -80.715811807098603, 45.830771518485562 ], [ -80.70896410809722, 45.813138898544914 ], [ -80.704665548503527, 45.811442962122712 ], [ -80.685853819910079, 45.813267645094278 ], [ -80.682405429918134, 45.812786301413588 ], [ -80.669323198623331, 45.808488997542909 ], [ -80.666664823083664, 45.806399638202357 ], [ -80.665879995630959, 45.80367788097243 ], [ -80.656474406720307, 45.793808328069488 ], [ -80.639395311925284, 45.780087775014557 ], [ -80.635860960762315, 45.778747270453081 ], [ -80.632168599589278, 45.774704630442336 ], [ -80.625317507192435, 45.767202828858956 ], [ -80.624742691449157, 45.763558033260459 ], [ -80.627706676720379, 45.760516003425153 ], [ -80.630746844462976, 45.75911336438066 ], [ -80.632823329584141, 45.755302452242439 ], [ -80.630946599488837, 45.7374952018952 ], [ -80.623660866235738, 45.714150196179368 ], [ -80.60677577955407, 45.69901881196035 ], [ -80.603405125750001, 45.698202052193295 ], [ -80.594524866089756, 45.698350610278268 ], [ -80.587600772763565, 45.696094640969321 ], [ -80.585515638008275, 45.693718857425772 ], [ -80.582424493234598, 45.684041747885978 ], [ -80.583722469280687, 45.681417997245916 ], [ -80.58675395595381, 45.679596208193317 ], [ -80.590414505508704, 45.66475662380396 ], [ -80.573832904791161, 45.643593810539777 ], [ -80.550826393356218, 45.631193905177511 ], [ -80.543802529397993, 45.62947361874479 ], [ -80.527846036298612, 45.629883213498083 ], [ -80.52382418009519, 45.629932942015778 ], [ -80.510720645714244, 45.626173281703792 ], [ -80.506889160187626, 45.623628114595455 ], [ -80.502996549116332, 45.617415910783031 ], [ -80.503354901563696, 45.613759756239368 ], [ -80.505500309423454, 45.611806698222502 ], [ -80.519604539366838, 45.603751825263807 ], [ -80.520018050728623, 45.599471021393803 ], [ -80.517390432321903, 45.592564656297213 ], [ -80.513932574222039, 45.588531545370927 ], [ -80.50976158441442, 45.587328305847997 ], [ -80.505451436287501, 45.58838790856781 ], [ -80.501177678733711, 45.590388836700875 ], [ -80.497234883530567, 45.590918757851014 ], [ -80.493429914284675, 45.590015747441178 ], [ -80.49078620565102, 45.587922782308922 ], [ -80.490218727067145, 45.58427793803412 ], [ -80.496072288485578, 45.572006007303614 ], [ -80.500537202376094, 45.56779373331608 ], [ -80.49846109820237, 45.56434875387189 ], [ -80.488011617551678, 45.561871569547279 ], [ -80.481511439573026, 45.563601184064879 ], [ -80.45800535696992, 45.570472533765951 ], [ -80.446773432369199, 45.575718926063033 ], [ -80.433231449830302, 45.579343255220095 ], [ -80.416979963463675, 45.579456267324431 ], [ -80.412799599910457, 45.580959073458693 ], [ -80.407925424335275, 45.588791440583421 ], [ -80.406891369813849, 45.592125322830377 ], [ -80.408549524028075, 45.599479413312714 ], [ -80.40558367789653, 45.602515567012887 ], [ -80.401832170721008, 45.60350671222389 ], [ -80.392299935582216, 45.603560087161171 ], [ -80.388781072345594, 45.602212421342074 ], [ -80.386706606437244, 45.59983345313637 ], [ -80.384099993644725, 45.585209001772157 ], [ -80.370647621705402, 45.554745648324698 ], [ -80.371927173112525, 45.551190986498085 ], [ -80.37495789213412, 45.549374848393619 ], [ -80.379907935120059, 45.546526590423618 ], [ -80.386021386910869, 45.516232153392558 ], [ -80.391135990484074, 45.48257585706039 ], [ -80.38019668082886, 45.435541133548028 ], [ -80.37744096104602, 45.432644411215136 ], [ -80.374217733477664, 45.431655358187435 ], [ -80.353697791455318, 45.428876027493629 ], [ -80.337567218378396, 45.429058123443895 ], [ -80.333826498670959, 45.430047421262728 ], [ -80.328684448399571, 45.42915417337553 ], [ -80.305551212056102, 45.418901507300085 ], [ -80.304111576037855, 45.416310391512148 ], [ -80.30351911461068, 45.401862292651565 ], [ -80.306138418207695, 45.388203193365619 ], [ -80.308222248965933, 45.383468639188997 ], [ -80.301015531742053, 45.367777351686144 ], [ -80.29547316931307, 45.358500829482693 ], [ -80.290885748787488, 45.354199030598714 ], [ -80.286152820262572, 45.352865579865608 ], [ -80.279279358195183, 45.35309099137789 ], [ -80.263350068004868, 45.355984324285693 ], [ -80.255505947410015, 45.356419193072206 ], [ -80.207324540823123, 45.349264404634035 ], [ -80.188848694351478, 45.341266414834621 ], [ -80.174719647368278, 45.333265525373214 ], [ -80.170421231026694, 45.332450581485674 ], [ -80.167430275634899, 45.33369147241568 ], [ -80.166269614712974, 45.336134321798767 ], [ -80.167779435545611, 45.342341716837396 ], [ -80.172783507225972, 45.351471888094231 ], [ -80.184713813041725, 45.35950016217442 ], [ -80.194631503352255, 45.361239364364529 ], [ -80.198391768011518, 45.362693298175863 ], [ -80.201016663439944, 45.364792244197972 ], [ -80.201778471039603, 45.367515964082543 ], [ -80.200473259642891, 45.370134949940741 ], [ -80.187140347027992, 45.380864024359823 ], [ -80.158011269677274, 45.398287113683665 ], [ -80.154140184290796, 45.399002147511915 ], [ -80.107152918390142, 45.402970512489283 ], [ -80.073343785054519, 45.395304705002545 ], [ -80.069587890851935, 45.392808499240871 ], [ -80.055300811813552, 45.372319790313817 ], [ -80.053028691513859, 45.366840677679534 ], [ -80.053535277191031, 45.364316287909858 ], [ -80.056236259570127, 45.359354854710162 ], [ -80.057276370138624, 45.352589333971117 ], [ -80.050679684323924, 45.347282628782516 ], [ -80.033201747340996, 45.335818969250113 ], [ -80.030145330781934, 45.329798211764896 ], [ -80.030471542098397, 45.326678503058339 ], [ -80.043719299673725, 45.288527863399636 ], [ -80.04826638249925, 45.28244096156088 ], [ -80.071948592365615, 45.261275824762564 ], [ -80.076228540843729, 45.259137084897226 ], [ -80.086812148919932, 45.258369697344392 ], [ -80.093067899355802, 45.259893541633964 ], [ -80.098169911283549, 45.259602644760974 ], [ -80.124840601993171, 45.246787910330859 ], [ -80.130178768194696, 45.241391441949133 ], [ -80.131912654876984, 45.236645399363972 ], [ -80.131275568769752, 45.229717154646096 ], [ -80.110998041971314, 45.215066449492284 ], [ -80.108944962932753, 45.212683386511898 ], [ -80.109319928993983, 45.20902935865368 ], [ -80.116534755566718, 45.199570636628465 ], [ -80.115839383572748, 45.195576245022707 ], [ -80.109063380150189, 45.182016398524212 ], [ -80.104070046727728, 45.181421676559616 ], [ -80.099629003901541, 45.182960335315663 ], [ -80.09084398497798, 45.188353145792838 ], [ -80.090720476092585, 45.192589475548694 ], [ -80.089436851010177, 45.196140668919526 ], [ -80.086418453997197, 45.197949511233389 ], [ -80.071236118205363, 45.201755570317289 ], [ -80.06746149106489, 45.200839579780265 ], [ -80.047483533430778, 45.190594639683482 ], [ -80.046765250368694, 45.187610717583809 ], [ -80.032618045782371, 45.177778228438306 ], [ -80.012588998452998, 45.179053303557318 ], [ -80.014121499707272, 45.16586039945453 ], [ -80.01179359273354, 45.153738270074875 ], [ -80.009159378794479, 45.150837125748659 ], [ -80.005364657864305, 45.149455541543347 ], [ -79.999984657139549, 45.150191978909469 ], [ -79.995172425546542, 45.148682012006944 ], [ -79.993125938048181, 45.146297162517378 ], [ -79.992453511842839, 45.141663952541954 ], [ -79.994072178119907, 45.132742516724988 ], [ -80.008608272525308, 45.114225205945225 ], [ -80.011929903283459, 45.112077578212521 ], [ -80.017134737285858, 45.110765141491527 ], [ -80.054488334709845, 45.109324953232644 ], [ -80.075461979351005, 45.11437471229231 ], [ -80.078586790884145, 45.117407324524549 ], [ -80.08332182629259, 45.120126720190093 ], [ -80.08759018425333, 45.120141736555254 ], [ -80.093773758040882, 45.119065610851116 ], [ -80.09752417686127, 45.116309574559914 ], [ -80.097471471255247, 45.113980073929554 ], [ -80.094792517863254, 45.110066907283532 ], [ -80.082474977731692, 45.099994913105711 ], [ -80.077134721763585, 45.099651431598616 ], [ -80.06959971358134, 45.100733203006548 ], [ -80.066141545617796, 45.100425723983598 ], [ -80.061779536277271, 45.098362004231056 ], [ -80.056521213755119, 45.092852121669623 ], [ -80.055766609415244, 45.090127787711381 ], [ -80.057068866227851, 45.087510405404615 ], [ -80.061334600891158, 45.085371651779873 ], [ -80.065912629602281, 45.08531143711469 ], [ -80.072679865180163, 45.087454266689143 ], [ -80.075897984380674, 45.087117229685816 ], [ -80.079191305656948, 45.085707844520833 ], [ -80.082319778867074, 45.082114889882902 ], [ -80.081182398505263, 45.079903618645616 ], [ -80.058712700199735, 45.063391650675626 ], [ -80.054915948938088, 45.061506242262595 ], [ -80.038697605936306, 45.057468303499654 ], [ -80.034402622136213, 45.057803510183241 ], [ -80.013388078355788, 45.061766979748896 ], [ -80.009453409462026, 45.061317818973073 ], [ -80.005674890938323, 45.058758111243343 ], [ -79.998631890457048, 45.046262801640644 ], [ -79.996965739732417, 45.040224597376735 ], [ -79.995992086063509, 45.031141477117806 ], [ -79.998942992505022, 45.028115566713623 ], [ -80.002767944238329, 45.026015101185742 ], [ -80.003464548801631, 45.023317720976969 ], [ -80.002351985005134, 45.021138242113587 ], [ -79.974031802490103, 45.005587958614214 ], [ -79.969566853524114, 45.003844966061052 ], [ -79.966379926763011, 45.004181717525249 ], [ -79.959346688684633, 45.006498756910695 ], [ -79.950074083882484, 45.011531768448279 ], [ -79.946166276011226, 45.012043979612528 ], [ -79.941366236691223, 45.010532280134839 ], [ -79.932275137961042, 45.00405170315711 ], [ -79.926861808136707, 44.999740883518605 ], [ -79.923428717158387, 44.993448681826813 ], [ -79.923815143609318, 44.991146147342839 ], [ -79.925816801699455, 44.971013315026291 ], [ -79.927444803292829, 44.949246759661392 ], [ -79.91718153676625, 44.932473653040098 ], [ -79.913728641641498, 44.932486531390168 ], [ -79.890195986484969, 44.94102079523045 ], [ -79.88389114390823, 44.945902378594106 ], [ -79.879601883149604, 44.952638785333782 ], [ -79.876062126719503, 44.954342787157998 ], [ -79.872472126766482, 44.954864679954206 ], [ -79.866915055732576, 44.95432270405545 ], [ -79.846421934455748, 44.945040253323604 ], [ -79.824610163753462, 44.932064573788253 ], [ -79.822321661885709, 44.929376269926642 ], [ -79.822267811580403, 44.926604047048613 ], [ -79.829416422521362, 44.911113950305818 ], [ -79.832830025345302, 44.909704441428076 ], [ -79.837991587830643, 44.909137555678313 ], [ -79.842644804964493, 44.90767337543835 ], [ -79.844352518502532, 44.905538796844738 ], [ -79.843230120276857, 44.902636194482433 ], [ -79.828490707263782, 44.894062960942009 ], [ -79.815146031667041, 44.888966132922008 ], [ -79.807064994169536, 44.886745181196062 ], [ -79.801829546116096, 44.886460399378812 ], [ -79.798754282314675, 44.884698620065187 ], [ -79.797344292315174, 44.882102288203164 ], [ -79.795913851623396, 44.872640250940044 ], [ -79.79720351484201, 44.869092749269925 ], [ -79.801461139030806, 44.866963499753759 ], [ -79.805032221691647, 44.866873382865649 ], [ -79.812438645101267, 44.867895196189572 ], [ -79.817789016089236, 44.866522149518993 ], [ -79.819704727486524, 44.863722549471767 ], [ -79.81850915633305, 44.861393060769721 ], [ -79.812006557808061, 44.855444443543846 ], [ -79.803939158375059, 44.851531169514566 ], [ -79.791326980661282, 44.847742215197712 ], [ -79.776161814554911, 44.846407325685675 ], [ -79.773384181215974, 44.845053737601326 ], [ -79.770713942756316, 44.841631107578976 ], [ -79.770105195836976, 44.839345294952977 ], [ -79.770757761080432, 44.836729883628898 ], [ -79.779904845537075, 44.827139647709885 ], [ -79.78916301258559, 44.815084494957155 ], [ -79.79118562842126, 44.810317085517006 ], [ -79.789129783239375, 44.807450896060963 ], [ -79.762792850935895, 44.798936442602027 ], [ -79.746139587740871, 44.789776857115328 ], [ -79.742905769796337, 44.789399694262897 ], [ -79.739786376832654, 44.790683661894903 ], [ -79.735643356636118, 44.796262178386186 ], [ -79.736172870380841, 44.806282838789713 ], [ -79.734865373986366, 44.808896223162819 ], [ -79.715039591044402, 44.825209889637854 ], [ -79.711213236829309, 44.827469043135189 ], [ -79.707921831986909, 44.827989741335678 ], [ -79.703389040603568, 44.828010316284633 ], [ -79.700162664428873, 44.830756907675017 ], [ -79.701279823615465, 44.833672488109968 ], [ -79.712753125094267, 44.841105541544721 ], [ -79.726340710234751, 44.847674765614748 ], [ -79.736273412467128, 44.854266831306518 ], [ -79.73928173697665, 44.858478805263687 ], [ -79.738891301582413, 44.862130851448647 ], [ -79.735228343140932, 44.864743324219489 ], [ -79.717013034773871, 44.870652575571498 ], [ -79.712687220024605, 44.871652396713507 ], [ -79.693345090263151, 44.872487485821054 ], [ -79.689595728866976, 44.871559939481564 ], [ -79.686534033931125, 44.868576135062831 ], [ -79.676798062376264, 44.83347296890873 ], [ -79.680231026541193, 44.816912465562829 ], [ -79.68399851193773, 44.814423772803401 ], [ -79.690287916256835, 44.811802376171713 ], [ -79.695571060175226, 44.810472939887433 ], [ -79.703562615847034, 44.810254642807429 ], [ -79.707191512977715, 44.808891520471171 ], [ -79.712132740575441, 44.805651094320133 ], [ -79.719066960998447, 44.795570209738749 ], [ -79.718022335051984, 44.781361699218117 ], [ -79.713903402494864, 44.763908160056751 ], [ -79.708773500908549, 44.758787976198533 ], [ -79.704055635586755, 44.760363853508501 ], [ -79.67537062203148, 44.759721486409056 ], [ -79.674950549463745, 44.759587575695754 ], [ -79.670596203799917, 44.758199376604054 ], [ -79.668323721159695, 44.754891589650242 ], [ -79.668028403848481, 44.748210090020919 ], [ -79.670978655651467, 44.745192792297892 ], [ -79.676018672443789, 44.744216535934719 ], [ -79.700733707158491, 44.747447902585122 ], [ -79.718345230264603, 44.752433446621716 ], [ -79.725375358705008, 44.748925056015871 ], [ -79.727600807388256, 44.744733318343833 ], [ -79.727357227580256, 44.739375904665131 ], [ -79.728662598196948, 44.736762666418322 ], [ -79.731811079080217, 44.734914647460428 ], [ -79.738586882998447, 44.733498157050768 ], [ -79.74280129818122, 44.734204536772168 ], [ -79.745992781982906, 44.736091980616024 ], [ -79.750326732011047, 44.741238470635238 ], [ -79.752610580888486, 44.748499745107523 ], [ -79.756032554310764, 44.762437127672442 ], [ -79.761794561740999, 44.762775637806811 ], [ -79.779710009082237, 44.755154826112069 ], [ -79.780790896513921, 44.752227693060213 ], [ -79.778985288423115, 44.749498526137458 ], [ -79.778489669109533, 44.745900010808406 ], [ -79.780514122364465, 44.743313853574506 ], [ -79.78742443540682, 44.739612490928486 ], [ -79.792461544855158, 44.738630723606683 ], [ -79.796203930791677, 44.739554491517382 ], [ -79.799265952726302, 44.74253529563827 ], [ -79.804885792258787, 44.754758478833644 ], [ -79.817807049282493, 44.76110919081794 ], [ -79.822324180522571, 44.75963679801044 ], [ -79.861412761878242, 44.749639465002495 ], [ -79.888044640526914, 44.751635173733966 ], [ -79.891789288102771, 44.752555874872691 ], [ -79.894856372643858, 44.755534260741975 ], [ -79.895487737345306, 44.758378865271801 ], [ -79.894857576922348, 44.761114111560389 ], [ -79.886086564314567, 44.771080334674636 ], [ -79.88359618315873, 44.772696880836399 ], [ -79.871779366262061, 44.777640414865949 ], [ -79.868933019615014, 44.779980699425572 ], [ -79.868242417142639, 44.782311964019797 ], [ -79.868847352541309, 44.786251920739168 ], [ -79.880307256341325, 44.802258575900403 ], [ -79.885678825683456, 44.806960395605934 ], [ -79.88934503026509, 44.808253855533081 ], [ -79.893631537451796, 44.808171550729135 ], [ -79.914869065180383, 44.803291850399667 ], [ -79.934966194868522, 44.803567659037938 ], [ -79.938041824621919, 44.805325740038974 ], [ -79.939456868713094, 44.807920483230738 ], [ -79.938178552885248, 44.81147009817294 ], [ -79.921138494025087, 44.825699021778611 ], [ -79.914401241779274, 44.831096308544105 ], [ -79.909088519519599, 44.834132317800588 ], [ -79.907924670194333, 44.836438675533657 ], [ -79.908874729502685, 44.840136548423494 ], [ -79.917009754155572, 44.853178830391961 ], [ -79.921439226899636, 44.856880065997174 ], [ -79.930020820157935, 44.858961288501952 ], [ -79.937262746735556, 44.85962699343181 ], [ -79.953069727926575, 44.86107838550074 ], [ -79.996621355335066, 44.852451702809653 ], [ -80.029064916561978, 44.844358305550877 ], [ -80.030223451578379, 44.842052648284508 ], [ -80.029081322214637, 44.835202644109998 ], [ -80.02969297087202, 44.832385573875946 ], [ -80.035891773292121, 44.81813217791413 ], [ -80.047327154335562, 44.796180739093252 ], [ -80.050322381882268, 44.794371847471751 ], [ -80.058094860621068, 44.792873570543556 ], [ -80.062060343449559, 44.793446479107217 ], [ -80.065139114759248, 44.795201208154097 ], [ -80.069722830727983, 44.801879012583626 ], [ -80.070919766374629, 44.812596981766099 ], [ -80.075058639395806, 44.814871569227591 ], [ -80.079223306788336, 44.814499929872106 ], [ -80.114308267919881, 44.804647486420485 ], [ -80.118345462000292, 44.803142447124209 ], [ -80.120385383118446, 44.800140555525438 ], [ -80.124392374353434, 44.793370282015843 ], [ -80.128372311952134, 44.755231310414807 ], [ -80.125758092447512, 44.746863241597708 ], [ -80.11950311251627, 44.742470121892637 ], [ -80.110401379383774, 44.741852957121012 ], [ -80.082640108149761, 44.735138471679498 ], [ -80.05444690300908, 44.724585321882081 ], [ -80.029051074099385, 44.712541047951248 ], [ -80.016083756010076, 44.700501489426948 ], [ -80.007142788203154, 44.699855259016438 ], [ -80.003383820102172, 44.697296342394147 ], [ -79.987973321009861, 44.665769413888007 ], [ -79.98716794178408, 44.66269632081567 ], [ -79.987119967008496, 44.655827587243969 ], [ -79.988912257759466, 44.648464920182469 ], [ -80.004995890202437, 44.607324932130162 ], [ -80.00582440309995, 44.601476100482799 ], [ -80.003635287746249, 44.597139516993607 ], [ -79.998629524277732, 44.591632403992314 ], [ -79.99491200812102, 44.579611257569276 ], [ -79.996479332268947, 44.553415284446075 ], [ -80.001290822160215, 44.543891895540682 ], [ -80.016171700259378, 44.524223097640387 ], [ -80.030487541406274, 44.51072785619106 ], [ -80.055656887084496, 44.48809952434133 ], [ -80.064629934325311, 44.48307191238019 ], [ -80.092277108596875, 44.47251250849137 ], [ -80.103647594300583, 44.47075042141519 ], [ -80.109570238978193, 44.471026404367024 ], [ -80.121320128649373, 44.472974188224391 ], [ -80.140270973275847, 44.478067322970304 ], [ -80.15272529013528, 44.483573492904675 ], [ -80.163027704173956, 44.489872623167201 ], [ -80.177206384083604, 44.497437235539678 ], [ -80.180114946409674, 44.498754263088088 ], [ -80.201552207297738, 44.508457450905269 ], [ -80.226732433047985, 44.511983032683034 ], [ -80.256909771950902, 44.521033390230592 ], [ -80.281476062455624, 44.528753791641179 ], [ -80.289071402565696, 44.528203126211032 ], [ -80.29698291618368, 44.523957657679169 ], [ -80.302173393757499, 44.522706397342532 ], [ -80.307308322325866, 44.522618327363205 ], [ -80.310472805717282, 44.523095042277809 ], [ -80.340146341595116, 44.52851993708925 ], [ -80.363695498207406, 44.536049685286947 ], [ -80.383045042514652, 44.534442094833544 ], [ -80.386946259238968, 44.53487672901263 ], [ -80.427994925098105, 44.550849062332261 ], [ -80.474418943634291, 44.573002685033401 ], [ -80.479890341579946, 44.576550571583091 ], [ -80.490255636162459, 44.586879654175441 ], [ -80.497367466881741, 44.59203878509507 ], [ -80.504091230304255, 44.593414591264008 ], [ -80.51165983903374, 44.591080919215486 ], [ -80.522202819773639, 44.589899783893252 ], [ -80.539841393888636, 44.592242876877954 ], [ -80.575590156422678, 44.603367001603466 ], [ -80.589418171048166, 44.610366230854495 ], [ -80.603190857999877, 44.619012713568111 ], [ -80.609738815089571, 44.625018716096399 ], [ -80.617408256490407, 44.634934484197423 ], [ -80.619097142296496, 44.64029651371748 ], [ -80.618896369982764, 44.646158721334352 ], [ -80.611354219457624, 44.669382645410273 ], [ -80.611084740741617, 44.674096553668534 ], [ -80.62406587791159, 44.693073230447226 ], [ -80.627409561393733, 44.713348938081587 ], [ -80.63014256500108, 44.715734514850269 ], [ -80.635437054255689, 44.718076435393591 ], [ -80.644988569103873, 44.719812789248486 ], [ -80.672088503046083, 44.721377855495 ], [ -80.703829003066303, 44.720673334121543 ], [ -80.729492888645552, 44.71879300693751 ], [ -80.743887977623004, 44.717224920997054 ], [ -80.762763226229794, 44.712317624286918 ], [ -80.767842324702912, 44.710479275692961 ], [ -80.826700190866944, 44.676878801777228 ], [ -80.850710081596205, 44.650939058352279 ], [ -80.868214218710506, 44.628926473891575 ], [ -80.870533176351202, 44.626969530567109 ], [ -80.887873562033278, 44.620288276014286 ], [ -80.91114944931941, 44.60456379172544 ], [ -80.919437637952825, 44.59461533241835 ], [ -80.927417146026514, 44.589546625288037 ], [ -80.932599240571619, 44.589138764689906 ], [ -80.936955613602066, 44.5911684217008 ], [ -80.938703289318497, 44.594436400609595 ], [ -80.939452022503929, 44.601729107512668 ], [ -80.93780176530629, 44.610130864244852 ], [ -80.920498997911423, 44.649649847891219 ], [ -80.907686230661582, 44.666985230056937 ], [ -80.907023082110328, 44.673146892747084 ], [ -80.908722498880067, 44.680305777508714 ], [ -80.901144672552917, 44.709077479383033 ], [ -80.899493517314312, 44.712600924433211 ], [ -80.890199017589822, 44.723259577358306 ], [ -80.882363228617379, 44.742937321084575 ], [ -80.881253587048718, 44.767353658968226 ], [ -80.892142018395234, 44.783360724614397 ], [ -80.899489760980401, 44.790788613119183 ], [ -80.907191062956969, 44.794892659362091 ], [ -80.913037533577082, 44.794697794090759 ], [ -80.924358358317491, 44.791591674806703 ], [ -80.932562912551646, 44.79054717945867 ], [ -80.940532322763815, 44.791682846582397 ], [ -80.960288960144354, 44.801758434971084 ], [ -80.982996935409517, 44.807032714759906 ], [ -80.993100194626209, 44.807249864325534 ], [ -81.001411884243083, 44.805558502339913 ], [ -81.014600797068852, 44.798763225616995 ], [ -81.044173857223342, 44.787159420396506 ], [ -81.058507838713311, 44.783446481620558 ], [ -81.067663836954566, 44.779100607616641 ], [ -81.080209550190347, 44.772006266584356 ], [ -81.091076958769222, 44.763661383818253 ], [ -81.102809505917293, 44.750938257273802 ], [ -81.105766038010685, 44.749099884975735 ], [ -81.116079839322254, 44.746607771280544 ], [ -81.120638520007546, 44.746129725165183 ], [ -81.125444579093909, 44.747591249548634 ], [ -81.127798192574502, 44.750872305963277 ], [ -81.127294225075019, 44.753506480951089 ], [ -81.113319219601593, 44.780344890030435 ], [ -81.111091984011509, 44.782961350983037 ], [ -81.093940346871747, 44.795032390306531 ], [ -81.062764218945418, 44.813912838314167 ], [ -81.030438902369696, 44.833987920810017 ], [ -81.019046820156419, 44.843737981234746 ], [ -81.012008184410647, 44.851744231161959 ], [ -81.002626198254205, 44.864013071773364 ], [ -81.001455594927691, 44.867992632534147 ], [ -81.001528646577896, 44.871468837399689 ], [ -81.002891750774069, 44.875682292822759 ], [ -81.005259033421439, 44.878635566797584 ], [ -81.016657227213315, 44.883135784149246 ], [ -81.019915810987797, 44.885674592773611 ], [ -81.021702121005234, 44.888928118457272 ], [ -81.017447524107382, 44.902538016823463 ], [ -81.013159949323068, 44.909929318524433 ], [ -81.008002223300508, 44.914602176314801 ], [ -80.997894051399953, 44.920389569282626 ], [ -80.962804329696482, 44.944038624454059 ], [ -80.961543387948211, 44.946469641405322 ], [ -80.962360517148724, 44.949213322357679 ], [ -80.965431883806261, 44.951364462594604 ], [ -80.981950714105608, 44.959856602531069 ], [ -80.984832456142414, 44.960966933891605 ], [ -81.017731943205462, 44.962837126327713 ], [ -81.024575965801276, 44.961800964765473 ], [ -81.038504491825009, 44.957937311934153 ], [ -81.041803720931753, 44.956065249417932 ], [ -81.045561902846885, 44.951072153083636 ], [ -81.051494376688069, 44.929782340233828 ], [ -81.047053499311389, 44.924133231718692 ], [ -81.04209150911214, 44.920485957448058 ], [ -81.03991960641882, 44.917326922942792 ], [ -81.040497925287866, 44.914583294642725 ], [ -81.057672607371771, 44.893128014875352 ], [ -81.061880661545246, 44.890949312406015 ], [ -81.069185585162728, 44.889621575688885 ], [ -81.075842538407272, 44.889567558329908 ], [ -81.085575976760339, 44.891254307981917 ], [ -81.089390375868561, 44.893779201405415 ], [ -81.090193523213472, 44.89649838389267 ], [ -81.085644644716595, 44.902847819786075 ], [ -81.084874585852333, 44.905965470246535 ], [ -81.087146096319486, 44.911297373284334 ], [ -81.093139680206804, 44.914480163136695 ], [ -81.112255307791287, 44.911818079832237 ], [ -81.119450724813078, 44.906374500896092 ], [ -81.135376559552014, 44.898053394826491 ], [ -81.139383443481009, 44.896769781486213 ], [ -81.143350707820986, 44.896696214699361 ], [ -81.146845674939257, 44.898019236445208 ], [ -81.149311229644866, 44.89987148059263 ], [ -81.150781208406869, 44.902452856422308 ], [ -81.150208456775331, 44.905197419490925 ], [ -81.148380939564049, 44.907274755009702 ], [ -81.123090514790775, 44.927850946894779 ], [ -81.110455103332299, 44.936332665098867 ], [ -81.109460622573977, 44.944490938004385 ], [ -81.111411549882021, 44.950267205253844 ], [ -81.117214772494208, 44.954446440241497 ], [ -81.128544779048752, 44.954048835417389 ], [ -81.132083941440669, 44.952431490757427 ], [ -81.138825868000339, 44.9516729218591 ], [ -81.163820108173226, 44.953759368625434 ], [ -81.170570078702212, 44.954569156981691 ], [ -81.194529385177262, 44.958121596033344 ], [ -81.201309894452834, 44.959966841508688 ], [ -81.204785380318413, 44.962056491944878 ], [ -81.207349512145441, 44.964967119863424 ], [ -81.207966376574973, 44.968610190430795 ], [ -81.206098404044013, 44.97135734610206 ], [ -81.188235904031856, 44.988800608609552 ], [ -81.186166651387012, 44.99552742398879 ], [ -81.187368738912156, 44.99789826764485 ], [ -81.190054701224625, 44.99943746359461 ], [ -81.21129019229663, 45.002452331530314 ], [ -81.214838129067999, 45.00241573181097 ], [ -81.218708880281156, 45.000434520731993 ], [ -81.226201761144097, 44.992145698343059 ], [ -81.237765229269229, 44.986194757121346 ], [ -81.242980835162584, 44.985773934568975 ], [ -81.248079267345986, 44.988589144045704 ], [ -81.267138762205349, 45.003238152185524 ], [ -81.268974659983229, 45.006456713788317 ], [ -81.269230743403284, 45.011699082586276 ], [ -81.265748787581003, 45.04102604876384 ], [ -81.26204768415424, 45.053198958900268 ], [ -81.256174046628246, 45.074004823969609 ], [ -81.260855861886228, 45.083880319554339 ], [ -81.272446934046926, 45.10294081561478 ], [ -81.288405597383075, 45.116648897048705 ], [ -81.317139294457476, 45.125183781803479 ], [ -81.321760198083496, 45.127645772291082 ], [ -81.323917902821293, 45.130150314449104 ], [ -81.326716050858366, 45.137533618497301 ], [ -81.328400686532873, 45.151802108872658 ], [ -81.329561912773698, 45.16951001963853 ], [ -81.32835823926294, 45.173078156091663 ], [ -81.322055779917207, 45.178702199754795 ], [ -81.309305797819619, 45.189061264882689 ], [ -81.290249267420421, 45.206909370038389 ], [ -81.286743122949758, 45.211033858324463 ], [ -81.281562674327475, 45.223687660705622 ], [ -81.280554967119727, 45.229976014396485 ], [ -81.285131902067803, 45.235487888573196 ], [ -81.29034982052346, 45.239139287625839 ], [ -81.298341380091543, 45.240007015526849 ], [ -81.299853046964387, 45.240171088091991 ], [ -81.31014139361163, 45.236066838394692 ], [ -81.320455260517349, 45.234973051750288 ], [ -81.346402278526199, 45.235055230141818 ], [ -81.355666744199837, 45.235630220937004 ], [ -81.361579191226795, 45.23715914567692 ], [ -81.364613053942179, 45.237323124208665 ], [ -81.365904367394236, 45.237392894211219 ], [ -81.385430659735135, 45.234156047848842 ], [ -81.404957885114214, 45.228751854621351 ], [ -81.427193864999012, 45.227284804384098 ], [ -81.461269622646796, 45.225937053250874 ], [ -81.466971899893366, 45.226383915381881 ], [ -81.479378263399923, 45.231379860809909 ], [ -81.487267012602359, 45.233744692811662 ], [ -81.514403547683358, 45.240879921574638 ], [ -81.549239608771742, 45.239816297095949 ], [ -81.575835631892758, 45.242175448171459 ], [ -81.606724512511775, 45.2504751604855 ], [ -81.63587239764, 45.261352652697063 ], [ -81.638456767708519, 45.262788200296633 ], [ -81.645453788525472, 45.263047596187988 ], [ -81.649446599620646, 45.262598432643685 ], [ -81.68968742154226, 45.246613539738227 ], [ -81.711832888943988, 45.221265911443354 ], [ -81.713905617668672, 45.21747359830902 ], [ -81.712565730775879, 45.214344716884156 ], [ -81.689785484900938, 45.192215530504093 ], [ -81.686503645525107, 45.191435279972268 ], [ -81.672657668846696, 45.191682230380785 ], [ -81.639608074055559, 45.179152993188119 ], [ -81.623845993903842, 45.17343416269938 ], [ -81.598441079256858, 45.172231689074678 ], [ -81.594936399310143, 45.173192812277478 ], [ -81.582598840068258, 45.181242863272303 ], [ -81.578256948181405, 45.182650834549477 ], [ -81.574307077675982, 45.182255917401804 ], [ -81.571167500148988, 45.180540310437578 ], [ -81.569674539025243, 45.177963323810353 ], [ -81.578008453782331, 45.162025510579021 ], [ -81.586249463137207, 45.148050115755915 ], [ -81.586202812823359, 45.144991914273646 ], [ -81.581518076866729, 45.142751379725617 ], [ -81.576334774875448, 45.144246935723224 ], [ -81.571075287054754, 45.144043488153592 ], [ -81.56998660429187, 45.143333561853979 ], [ -81.567226658759267, 45.141533697189658 ], [ -81.552463036199285, 45.123167993316358 ], [ -81.538785976593516, 45.108853344631996 ], [ -81.526164431874236, 45.104060225158825 ], [ -81.513893023484584, 45.098364115416366 ], [ -81.511255893334734, 45.096327044695215 ], [ -81.510332652822413, 45.093474691793915 ], [ -81.511375814679027, 45.084756498805056 ], [ -81.501210545623394, 45.067513399938235 ], [ -81.48402386779766, 45.049075451888172 ], [ -81.470760853603934, 45.038382968436373 ], [ -81.463544158961994, 45.033659770686214 ], [ -81.45093301401414, 45.022875349942694 ], [ -81.434257131786424, 44.988945587361691 ], [ -81.432830543143425, 44.978200451613908 ], [ -81.429905690584079, 44.970265489486451 ], [ -81.427726392182137, 44.968532103436793 ], [ -81.424220390255016, 44.968172036978501 ], [ -81.39628441604323, 44.975243644701074 ], [ -81.385857373577295, 44.982957080745472 ], [ -81.382678253932369, 44.985646705711048 ], [ -81.380063671646752, 44.987069976569899 ], [ -81.374848328731829, 44.988070554518309 ], [ -81.371070075285019, 44.987198244904036 ], [ -81.367778881533951, 44.98560734247949 ], [ -81.365289248616236, 44.983611137725283 ], [ -81.35044746648957, 44.959590259138324 ], [ -81.34864001176004, 44.953567197814415 ], [ -81.360873106960327, 44.936361054550751 ], [ -81.363986686631748, 44.929890575308924 ], [ -81.364198852294081, 44.916659631757909 ], [ -81.361369814015632, 44.89702492370072 ], [ -81.356337132564462, 44.881029124815541 ], [ -81.352757862067193, 44.877546407215235 ], [ -81.331217003901898, 44.860441978900511 ], [ -81.327447067641017, 44.859568522755652 ], [ -81.324801724074959, 44.857495127069534 ], [ -81.323016127980296, 44.839871072216553 ], [ -81.325682423426898, 44.833257850298899 ], [ -81.324036572503275, 44.830438598828792 ], [ -81.312631023393592, 44.816354995347908 ], [ -81.303105765640964, 44.811948583036653 ], [ -81.29868572965897, 44.811460371167655 ], [ -81.280911516662897, 44.791534227863139 ], [ -81.278141956589437, 44.768582226166771 ], [ -81.271349163288789, 44.748434245991668 ], [ -81.272877741146772, 44.717200808719348 ], [ -81.269622783197164, 44.70485820581932 ], [ -81.270117231023434, 44.70222832668923 ], [ -81.273147342961806, 44.696926778142569 ], [ -81.277612170789595, 44.692725798924911 ], [ -81.282274360530579, 44.691081736782905 ], [ -81.286481910053837, 44.691527476009249 ], [ -81.292580712204455, 44.691118458177435 ], [ -81.295675113784341, 44.68888978683021 ], [ -81.297054313887259, 44.68542586243602 ], [ -81.29541327340921, 44.679965075511937 ], [ -81.288909385211028, 44.670010570354428 ], [ -81.285696432427471, 44.668237559331502 ], [ -81.282347187299791, 44.667085935918038 ], [ -81.268170927470536, 44.653999329172848 ], [ -81.266770830019084, 44.651744684878615 ], [ -81.264997443889257, 44.644752281700534 ], [ -81.263982708420428, 44.634089910671442 ], [ -81.265732137467879, 44.620512625564771 ], [ -81.269969954018975, 44.604626045512191 ], [ -81.274362256010036, 44.597842487637237 ], [ -81.290613896638064, 44.577013811257338 ], [ -81.319649912692938, 44.548136092334317 ], [ -81.341934607773581, 44.527757043517781 ], [ -81.354013686421027, 44.514029392224401 ], [ -81.367009422637878, 44.499250033796024 ], [ -81.376446360445755, 44.490539830891187 ], [ -81.384784168897255, 44.486101976966708 ], [ -81.386707186464591, 44.48421533836526 ], [ -81.387223364404846, 44.474036424211185 ], [ -81.388914725303593, 44.460610534903452 ], [ -81.408181941498427, 44.429689256779398 ], [ -81.417093769327693, 44.423748089492122 ], [ -81.426765975452525, 44.420657486693621 ], [ -81.441239126506389, 44.419491237595551 ], [ -81.45028820939676, 44.418026693260956 ], [ -81.474392551067055, 44.41333299990962 ], [ -81.486454287220084, 44.409394425145614 ], [ -81.491343681044029, 44.407112141435931 ], [ -81.507775092265447, 44.395539063980685 ], [ -81.514005303348597, 44.389948697562552 ], [ -81.517966773619563, 44.376977320523267 ], [ -81.519558672579308, 44.374729571548052 ], [ -81.522680612785663, 44.372119872349053 ], [ -81.54953528829121, 44.352698981631583 ], [ -81.574481625935078, 44.338388892179609 ], [ -81.594340298466463, 44.323022342172074 ], [ -81.599561626654079, 44.318240622174841 ], [ -81.602396653280465, 44.311585960567648 ], [ -81.595772648250161, 44.303285358995112 ], [ -81.591044543634723, 44.286878358246966 ], [ -81.603822868915586, 44.236764066289851 ], [ -81.615296240878635, 44.208130436427311 ], [ -81.620824277334734, 44.200902668173441 ], [ -81.632525634941658, 44.190292434464979 ], [ -81.645088249202644, 44.166452552499862 ], [ -81.653811025111793, 44.155766905113261 ], [ -81.666903844455234, 44.141794287107594 ], [ -81.675778849797766, 44.133465787210724 ], [ -81.707497063800432, 44.111926631841001 ], [ -81.732777394034912, 44.098619893731723 ], [ -81.748166867657304, 44.078040590958672 ], [ -81.749998682128222, 44.071152314161573 ], [ -81.749885466919096, 44.064556728221874 ], [ -81.74807801232997, 44.058077966571346 ], [ -81.737700525168762, 44.042642881333464 ], [ -81.731637140060116, 44.027476917138586 ], [ -81.7300741242355, 44.018725229053011 ], [ -81.730075002315658, 44.002234057648309 ], [ -81.727062176828966, 43.975599310921076 ], [ -81.724055755770024, 43.954515009637376 ], [ -81.718808051265668, 43.931060277489792 ], [ -81.716235250811991, 43.902986133514716 ], [ -81.719566357444577, 43.883319580534838 ], [ -81.722359223527718, 43.860996128733461 ], [ -81.722905873791078, 43.85137652000148 ], [ -81.71904842388561, 43.841682635126105 ], [ -81.716831891291193, 43.818071890177798 ], [ -81.718937210566978, 43.785610014025259 ], [ -81.720243987559314, 43.752750606503362 ], [ -81.720267849779304, 43.748864941551176 ], [ -81.720514021845986, 43.709351178886315 ], [ -81.722087261991959, 43.678343995934988 ], [ -81.716899789848853, 43.650278922736881 ], [ -81.711203982875091, 43.61676473339616 ], [ -81.708295628140917, 43.580679640267697 ], [ -81.703123741453823, 43.57056987770077 ], [ -81.700514072750352, 43.544729177100393 ], [ -81.701232888287109, 43.516472734699938 ], [ -81.701603121207881, 43.510858715203561 ], [ -81.706592886837882, 43.498589227910522 ], [ -81.710818887719896, 43.479237247331618 ], [ -81.712392163220471, 43.464817914778685 ], [ -81.713461715687259, 43.442970869640824 ], [ -81.712033002724965, 43.435966193864175 ], [ -81.708075819985325, 43.428957890258921 ], [ -81.703822586837887, 43.424546476187949 ], [ -81.702488658318671, 43.422106260485322 ], [ -81.700707759913712, 43.410447175123792 ], [ -81.702416761593582, 43.402107227642489 ], [ -81.715166456670644, 43.371729733324187 ], [ -81.724932896118247, 43.353115833026067 ], [ -81.740874603604396, 43.333559392685636 ], [ -81.767944467131272, 43.31329073243996 ], [ -81.826487420472461, 43.273468667798703 ], [ -81.841207503174061, 43.264724432042904 ], [ -81.855210319812969, 43.257629898737768 ], [ -81.879756353542348, 43.247941295770673 ], [ -81.900646427333456, 43.242473591807098 ], [ -81.918335275732929, 43.235690014310165 ], [ -81.92916771276532, 43.228540226765951 ], [ -81.946253774309341, 43.219422890653021 ], [ -81.963811662421861, 43.212589993061904 ], [ -81.979688836420948, 43.207771089105954 ], [ -81.990209275281472, 43.206810753868744 ], [ -81.994947798676208, 43.20764067431363 ], [ -82.001733122534617, 43.21087386237599 ], [ -82.010243840479532, 43.212559244609118 ], [ -82.014230156025917, 43.21168755497466 ], [ -82.015871351786572, 43.208933937858617 ], [ -82.018486427557988, 43.194422849735723 ], [ -82.0148260525051, 43.188055003678215 ], [ -82.015085123614796, 43.183836931208383 ], [ -82.017732256269468, 43.179376700007964 ], [ -82.05982226361651, 43.146963221064951 ], [ -82.093838146594592, 43.117115493296005 ], [ -82.109211619508699, 43.108282251215535 ], [ -82.129995258871716, 43.100046011233538 ], [ -82.147117794535816, 43.091442366375702 ], [ -82.152046574865764, 43.087434807515685 ], [ -82.155911584424615, 43.079974189061687 ], [ -82.161843114453177, 43.072635117438338 ], [ -82.180246295778048, 43.059633288953279 ], [ -82.191045667732169, 43.054372042417043 ], [ -82.204457597961849, 43.050809481956634 ], [ -82.219744382222999, 43.049719565694112 ], [ -82.289265300333355, 43.035630647833187 ], [ -82.32427740952572, 43.031935034328939 ], [ -82.350728045686679, 43.024259984908262 ], [ -82.397366397832542, 43.009837822275884 ], [ -82.405655913866553, 43.006167689073628 ], [ -82.410155927477362, 43.00196200828637 ], [ -82.413889285078668, 42.99566294306134 ], [ -82.421732931854095, 42.998276055170962 ], [ -82.422100351922197, 43.006996535192052 ], [ -82.424463042678298, 43.016146377112165 ], [ -82.441852518506749, 43.040968440240647 ], [ -82.454708920457534, 43.060260540342256 ], [ -82.487421969386304, 43.113131850916673 ], [ -82.49036685604851, 43.119305342884054 ], [ -82.489095135543892, 43.128276629475316 ], [ -82.490298129822705, 43.135840626900965 ], [ -82.499958397594455, 43.166281959610153 ], [ -82.507973756182608, 43.190652554177866 ], [ -82.513349322756298, 43.203712293007001 ], [ -82.517257907290471, 43.210277094541198 ], [ -82.52260828191109, 43.230830852998842 ], [ -82.5277509288901, 43.281773390046965 ], [ -82.529105431359284, 43.31733626711145 ], [ -82.533306937176874, 43.351453794942451 ], [ -82.532768367275892, 43.381732485668195 ], [ -82.536088783470262, 43.414207544700439 ], [ -82.539867069179721, 43.432626698370321 ], [ -82.556279625213193, 43.480992054230462 ], [ -82.567382402111775, 43.503742967633642 ], [ -82.576874396620042, 43.527056461136105 ], [ -82.585312778091179, 43.55587679962936 ], [ -82.600663265200581, 43.604121234515759 ], [ -82.602614894837259, 43.630582762909739 ], [ -82.6082594542207, 43.660689843978837 ], [ -82.604269949573705, 43.678177332131163 ], [ -82.60743989447775, 43.714394101822613 ], [ -82.611006518188987, 43.738400616208118 ], [ -82.617181060083055, 43.771908317793084 ], [ -82.629914825932815, 43.810229050803557 ], [ -82.635961899215076, 43.834481158838209 ], [ -82.644286730658223, 43.840186304189722 ], [ -82.646258043075662, 43.842428289467811 ], [ -82.654476476819639, 43.862379190201388 ], [ -82.655139048400841, 43.867531966557507 ], [ -82.666669672171807, 43.876228134510733 ], [ -82.675897028162396, 43.886267025205662 ], [ -82.683926219922739, 43.897692034541905 ], [ -82.685998837595719, 43.903317445999427 ], [ -82.685671195381758, 43.911223986731443 ], [ -82.700775052969291, 43.937653743329371 ], [ -82.709021918810052, 43.947369889285682 ], [ -82.726290675670469, 43.971645313701941 ], [ -82.738436477778734, 43.989116412331988 ], [ -82.740899766589393, 43.991567551134615 ], [ -82.761939787641097, 44.006535895471806 ], [ -82.796816341530985, 44.027326918069498 ], [ -82.813135908533852, 44.03220790289339 ], [ -82.82760167259282, 44.03631679464371 ], [ -82.847119127741522, 44.040409899383839 ], [ -82.875969561515575, 44.046813176651696 ], [ -82.89199966265933, 44.05435450644481 ], [ -82.907613079330048, 44.062572060672451 ], [ -82.925911116356431, 44.070537685663375 ], [ -82.957200342965692, 44.065961112211362 ], [ -82.985399948047586, 44.054551428795854 ], [ -82.996498454150483, 44.050628082389927 ], [ -83.015083609568606, 44.047997527931258 ], [ -83.030555981795061, 44.04732822729472 ], [ -83.039484807590284, 44.031510760263529 ], [ -83.043911556544515, 44.02034167314487 ], [ -83.05572527640976, 44.008316562590586 ], [ -83.064362125957715, 44.004803892961903 ], [ -83.068161190010898, 44.004179988235215 ], [ -83.117275446056354, 44.006254156854347 ], [ -83.14837420581064, 43.992584217230259 ], [ -83.180417085465777, 43.986257612224591 ], [ -83.194514740431131, 43.987218555714762 ], [ -83.236019882251512, 43.984702602131286 ], [ -83.264290961869136, 43.978814315317592 ], [ -83.278409504957082, 43.944007801609864 ], [ -83.286846219797312, 43.93572005632948 ], [ -83.301253172037704, 43.926531072268645 ], [ -83.314476749494688, 43.921003340820661 ], [ -83.333283870240408, 43.917654398914969 ], [ -83.362684518411399, 43.916147041953067 ], [ -83.381897486600366, 43.915498954720164 ], [ -83.401848737105013, 43.916589240428245 ], [ -83.402574391925327, 43.911153908110926 ], [ -83.391018206045402, 43.909125266597506 ], [ -83.368032022415235, 43.906495222572914 ], [ -83.343236924894271, 43.905792271467604 ], [ -83.330001085036727, 43.901510467182874 ], [ -83.32797778422092, 43.899696836606708 ], [ -83.327075085339843, 43.896990643413737 ], [ -83.330997694771881, 43.883834178427776 ], [ -83.360949003175918, 43.858104538718514 ], [ -83.366188864855317, 43.856049721169512 ], [ -83.38248182656379, 43.854166096984002 ], [ -83.387496511930792, 43.851970174637295 ], [ -83.390185150288872, 43.849914715902933 ], [ -83.390103319532955, 43.840378265111916 ], [ -83.38834108102742, 43.838112286789233 ], [ -83.388106887982644, 43.835337461984921 ], [ -83.397737205451165, 43.818357313164448 ], [ -83.401677694824315, 43.813795159264693 ], [ -83.406196445788751, 43.812058225944249 ], [ -83.414856207347242, 43.811067446129258 ], [ -83.418039737654922, 43.811645477466975 ], [ -83.421794843646552, 43.791134588916421 ], [ -83.42283933204952, 43.789025853075664 ], [ -83.442614053236213, 43.767563656061974 ], [ -83.461195569481532, 43.743726115428487 ], [ -83.470027734822409, 43.728286969772093 ], [ -83.471101122440984, 43.725963100991805 ], [ -83.494688558063118, 43.700114928235166 ], [ -83.497841537622961, 43.698870675142999 ], [ -83.502301277857583, 43.698268288304668 ], [ -83.511411263063451, 43.699241419698424 ], [ -83.515256342213334, 43.701684325529214 ], [ -83.516077785424756, 43.705092443404396 ], [ -83.514393796804413, 43.712757046391516 ], [ -83.515938755619132, 43.721029215335847 ], [ -83.51892815049618, 43.724734857507656 ], [ -83.525750472442652, 43.724041444321017 ], [ -83.536135130569818, 43.709481351305847 ], [ -83.553673102209842, 43.689178223407225 ], [ -83.557683095514847, 43.68689990197057 ], [ -83.561316703040049, 43.686395495745288 ], [ -83.567657552867615, 43.682103620457568 ], [ -83.604350488726993, 43.644512763708811 ], [ -83.646681633105814, 43.606169840428187 ], [ -83.673463109150561, 43.589395144392256 ], [ -83.677010983580729, 43.588289698355204 ], [ -83.680863544881504, 43.588607828204609 ], [ -83.692909444289768, 43.592530531182994 ], [ -83.72474574574683, 43.60880131771362 ], [ -83.753101077061544, 43.624725644984863 ], [ -83.782414711287942, 43.632129158541602 ], [ -83.804679049504728, 43.633848082635041 ], [ -83.822412951242924, 43.636446621510878 ], [ -83.884132052973641, 43.658578880627942 ], [ -83.892200709072128, 43.662676429673226 ], [ -83.909884890771536, 43.675903004040386 ], [ -83.929464954783185, 43.703296215256749 ], [ -83.943964545107207, 43.726138248547187 ], [ -83.950507766131139, 43.750373002719755 ], [ -83.945127265029797, 43.763175399039845 ], [ -83.9398975524376, 43.770550768425188 ], [ -83.937093481351013, 43.772468226800697 ], [ -83.932492738423051, 43.773188060461983 ], [ -83.929015460797189, 43.777206329517853 ], [ -83.927251600213836, 43.781333899961645 ], [ -83.921465901801682, 43.814705117214501 ], [ -83.92059536804463, 43.822515432843282 ], [ -83.923995904174575, 43.844625546534225 ], [ -83.912344751603698, 43.912297047213755 ], [ -83.910961819195293, 43.915359740646814 ], [ -83.908347310993108, 43.918312357269471 ], [ -83.889878160220036, 43.929437385492541 ], [ -83.891454233440442, 43.935167219866941 ], [ -83.885112651620801, 43.948932922966662 ], [ -83.877844592884557, 43.960534810144459 ], [ -83.849308826679618, 43.99056175200429 ], [ -83.842513578457471, 43.99558788187796 ], [ -83.835288605956023, 43.999161625373546 ], [ -83.831018305436501, 43.999632588323628 ], [ -83.810795906404323, 43.999878614733191 ], [ -83.807049795540109, 43.999089231850562 ], [ -83.804056484041809, 43.996780001271318 ], [ -83.803131600065072, 43.99407703053663 ], [ -83.795251456995928, 43.990997970473074 ], [ -83.777478553396733, 43.986881189366144 ], [ -83.766968910907991, 43.985755133514743 ], [ -83.747722510556486, 43.988549566667174 ], [ -83.743007121190956, 43.9944896383182 ], [ -83.742218767381615, 43.999325197817278 ], [ -83.723736958646938, 44.002309569655957 ], [ -83.712047294199294, 43.997608479890602 ], [ -83.697718928751314, 43.992697906061309 ], [ -83.691664992314756, 43.99091044944727 ], [ -83.680704398839907, 43.989468002615254 ], [ -83.678979581346056, 43.991681870853981 ], [ -83.685457561883126, 43.999175717996557 ], [ -83.684807861983444, 44.020367114837526 ], [ -83.674768170227367, 44.039429007232108 ], [ -83.662836512115959, 44.048526494670263 ], [ -83.647391000653897, 44.0548111790375 ], [ -83.625971160483459, 44.057387992161594 ], [ -83.607655916082408, 44.057670805047927 ], [ -83.577236224870546, 44.050541381336039 ], [ -83.591713744855724, 44.073260607343492 ], [ -83.591673270884272, 44.081769227479967 ], [ -83.590833991419828, 44.084208804985792 ], [ -83.588135280413212, 44.087813839412249 ], [ -83.574374520827945, 44.101663775896704 ], [ -83.568368853800891, 44.122735684095872 ], [ -83.569280899771712, 44.143673130680085 ], [ -83.568610167857983, 44.156003512131562 ], [ -83.563750277407323, 44.172034246745874 ], [ -83.557202484098752, 44.187205422114147 ], [ -83.551317326130643, 44.219799361846142 ], [ -83.540404864039203, 44.244091128799838 ], [ -83.528180617800516, 44.260981389800051 ], [ -83.51721087478856, 44.26936350014001 ], [ -83.505177766721999, 44.275817930737105 ], [ -83.478661013050782, 44.280634866381135 ], [ -83.461866019015119, 44.279538992593494 ], [ -83.450068192969383, 44.275453214468563 ], [ -83.446793424095162, 44.273272005075583 ], [ -83.443735624371598, 44.269454988219074 ], [ -83.442825666939115, 44.26674948372677 ], [ -83.443943157623636, 44.26408845041145 ], [ -83.456802295871526, 44.253529794267315 ], [ -83.458573217951326, 44.250326445090408 ], [ -83.447983993724435, 44.253162663566876 ], [ -83.442099259705458, 44.257797077804668 ], [ -83.42534046627938, 44.279511296445385 ], [ -83.408117960992257, 44.299690966352138 ], [ -83.384588800568437, 44.321501639109485 ], [ -83.372604914796653, 44.330322148934357 ], [ -83.369849764349667, 44.33160449166725 ], [ -83.361144338574846, 44.333495076754275 ], [ -83.357382853355091, 44.332690048214225 ], [ -83.342798681589272, 44.326951174786494 ], [ -83.337633485631784, 44.328398607080075 ], [ -83.333153290803764, 44.345548282005609 ], [ -83.335637126969615, 44.368810493331182 ], [ -83.333159062428692, 44.38055746838841 ], [ -83.324558945577067, 44.404060787229426 ], [ -83.324443838860361, 44.409503939284733 ], [ -83.326126631266305, 44.417363445457461 ], [ -83.327834633231078, 44.429822710854062 ], [ -83.32833381070553, 44.443947442599139 ], [ -83.323662466562752, 44.465607113906856 ], [ -83.31633309768263, 44.486528183357052 ], [ -83.31791411743518, 44.512191883735738 ], [ -83.312240138764238, 44.52931381592763 ], [ -83.307592446899804, 44.547651301708846 ], [ -83.312096481596996, 44.562158626109202 ], [ -83.315313760002169, 44.58562637610099 ], [ -83.314553281905987, 44.60178058397625 ], [ -83.310460295941766, 44.623512695081637 ], [ -83.30668054677767, 44.632860257587517 ], [ -83.29770208615399, 44.642032762231132 ], [ -83.287818498626166, 44.658993719118996 ], [ -83.276405858162647, 44.690807637721235 ], [ -83.272817796965072, 44.71215858282099 ], [ -83.28700034570997, 44.724865196986684 ], [ -83.293512008478316, 44.734758139324221 ], [ -83.296329730861501, 44.742724274517556 ], [ -83.297753266280466, 44.748986769129573 ], [ -83.294929991854801, 44.759446087993609 ], [ -83.293196389538252, 44.770510493627732 ], [ -83.293456591859965, 44.805330381839468 ], [ -83.300747428519742, 44.82786413141983 ], [ -83.319535104537621, 44.849821260605133 ], [ -83.320706656431199, 44.854229224061619 ], [ -83.320509796570931, 44.858484080124079 ], [ -83.324444185699562, 44.881188689416661 ], [ -83.339419663828721, 44.883845636915261 ], [ -83.356076823101219, 44.887495387609611 ], [ -83.392726268744639, 44.904306383307045 ], [ -83.3966358721798, 44.906755904424649 ], [ -83.424470191164914, 44.927227951218569 ], [ -83.436188793444671, 44.940216907708688 ], [ -83.441115739226163, 44.947916576008588 ], [ -83.443587897869463, 44.958099387411593 ], [ -83.446868258004727, 44.98520689384808 ], [ -83.449905817356751, 44.988890135651332 ], [ -83.458731168675655, 44.992497630474176 ], [ -83.461220889582918, 44.995733941837699 ], [ -83.462144071979708, 45.006166103958982 ], [ -83.450737890389917, 45.041133148454563 ], [ -83.439058523752792, 45.055620401027255 ], [ -83.421063502254171, 45.066257628971798 ], [ -83.384659134116305, 45.076080518496958 ], [ -83.374930017433385, 45.075951267379359 ], [ -83.371121603576967, 45.075144808043596 ], [ -83.367869506299684, 45.07225649849854 ], [ -83.366200452017381, 45.067962531065731 ], [ -83.366257713121058, 45.061411449253903 ], [ -83.361104836852988, 45.052766222930821 ], [ -83.346926785472988, 45.043973854931991 ], [ -83.336118040948492, 45.040041280584923 ], [ -83.292281009435925, 45.027248161102129 ], [ -83.263601014478567, 45.024766457527328 ], [ -83.263477264749582, 45.027462288170504 ], [ -83.271942636739453, 45.040041231381366 ], [ -83.27773694639437, 45.044631224559907 ], [ -83.282859512219801, 45.046709498152374 ], [ -83.30103543809625, 45.049262849740202 ], [ -83.31163795198151, 45.054178003214709 ], [ -83.313205702179346, 45.05673405093048 ], [ -83.317819019021329, 45.07908877211284 ], [ -83.313354623988062, 45.088395861655762 ], [ -83.310027282528409, 45.089912756178279 ], [ -83.306837297059488, 45.090284945345765 ], [ -83.301679697223733, 45.093789375691713 ], [ -83.31949435558731, 45.122927061112847 ], [ -83.333893901453834, 45.145863620859203 ], [ -83.337447407183049, 45.147120675025889 ], [ -83.359982460968212, 45.164928784533728 ], [ -83.365416294812832, 45.171053718361691 ], [ -83.370125828750133, 45.179108014140127 ], [ -83.371573659524017, 45.191415682701809 ], [ -83.376072290326078, 45.199447453592946 ], [ -83.38869726037386, 45.207209501199699 ], [ -83.396211722548827, 45.216195067756331 ], [ -83.405684330647219, 45.228089996973061 ], [ -83.413131929839764, 45.240572209510781 ], [ -83.412971197205451, 45.244242439368605 ], [ -83.409496531398389, 45.250580245512033 ], [ -83.405986858899638, 45.253315575058906 ], [ -83.402106088709445, 45.253948004439827 ], [ -83.393778603097672, 45.253571478249469 ], [ -83.38846476930749, 45.257075674869306 ], [ -83.384075226931699, 45.26669371589054 ], [ -83.383337299575302, 45.271209728154176 ], [ -83.388129879943691, 45.276166719808018 ], [ -83.396148762803008, 45.281327655183375 ], [ -83.407772183853183, 45.287192441005004 ], [ -83.425814713585126, 45.294550146997999 ], [ -83.445787054281425, 45.307497588519297 ], [ -83.463083440873277, 45.321438422969457 ], [ -83.479261256576038, 45.341199349810111 ], [ -83.495026952807706, 45.349743647305637 ], [ -83.550625968536167, 45.352231240383027 ], [ -83.57018004237635, 45.349380583911881 ], [ -83.574167610512575, 45.349222262239167 ], [ -83.597517487623463, 45.353581934649796 ], [ -83.627798490261313, 45.364725412838709 ], [ -83.675886462782032, 45.385420639159726 ], [ -83.70245877212318, 45.399634478249318 ], [ -83.714697689314391, 45.412847609283638 ], [ -83.720802736501881, 45.41422975592689 ], [ -83.739565267558618, 45.412349152999063 ], [ -83.742373446541976, 45.409160324331935 ], [ -83.74738426438023, 45.408001437987075 ], [ -83.76723453273793, 45.409017257534096 ], [ -83.772150524764427, 45.410369173673168 ], [ -83.774671302308022, 45.413599607443977 ], [ -83.804630679694128, 45.417654460756637 ], [ -83.808964897966959, 45.419432238684081 ], [ -83.842374896518663, 45.435795076640694 ], [ -83.860286360397765, 45.449183120288026 ], [ -83.885072673750486, 45.468437215299993 ], [ -83.905449739068871, 45.483582999163623 ], [ -83.918680777925147, 45.487969604565926 ], [ -83.939933030633895, 45.492642925196691 ], [ -83.970316808265608, 45.494572316478589 ], [ -83.994474337924416, 45.490292111991515 ], [ -84.025158384908622, 45.494771212656254 ], [ -84.041672181318859, 45.492461880350767 ], [ -84.046795465359949, 45.490681067611781 ], [ -84.062585082484418, 45.488614885529216 ], [ -84.068409618596903, 45.488803659275682 ], [ -84.083744405715962, 45.491788735365205 ], [ -84.093318565495935, 45.495142206558846 ], [ -84.101991639309858, 45.499391428467796 ], [ -84.109193820810745, 45.504157356691486 ], [ -84.114658790974573, 45.509382708838963 ], [ -84.118736465691441, 45.515198444465078 ], [ -84.122582062434759, 45.52286437736803 ], [ -84.125486180270386, 45.535047420301588 ], [ -84.125726378929826, 45.556101156399095 ], [ -84.128879045327437, 45.56334290061848 ], [ -84.137468781270272, 45.574016832090706 ], [ -84.158871390995728, 45.590919872031066 ], [ -84.169525222013675, 45.596680683467483 ], [ -84.198796223339386, 45.623585979658976 ], [ -84.218374847773589, 45.636635107570434 ], [ -84.245978491988083, 45.640325184907127 ], [ -84.267629777575863, 45.64545356043341 ], [ -84.282102622747615, 45.651092364921006 ], [ -84.322027052303298, 45.662598751952601 ], [ -84.338844540067171, 45.662302994838868 ], [ -84.352290713216519, 45.659304228149878 ], [ -84.378129582854882, 45.65698946154297 ], [ -84.389646539514999, 45.659089044243366 ], [ -84.412897109853617, 45.667061977269846 ], [ -84.419143657731453, 45.668157317765385 ], [ -84.427669396545127, 45.667042735332004 ], [ -84.434451378830545, 45.662119493362809 ], [ -84.428583937301312, 45.661036825164302 ], [ -84.417840069555709, 45.654984771641097 ], [ -84.417018888455843, 45.651354517179726 ], [ -84.418784414084698, 45.648858291031182 ], [ -84.422448483034003, 45.646720501680633 ], [ -84.426561502152055, 45.645357488644457 ], [ -84.43056582695273, 45.645169720995753 ], [ -84.461099415179035, 45.650937505431415 ], [ -84.476293905076105, 45.656052539396299 ], [ -84.531915112554344, 45.687494719165258 ], [ -84.538669376720406, 45.691613296657437 ], [ -84.546956859392836, 45.6969956018213 ], [ -84.575923357493394, 45.713422321880003 ], [ -84.625563954969138, 45.732383698881101 ], [ -84.67226196646881, 45.746596212335412 ], [ -84.676254850063032, 45.748192177341146 ], [ -84.720670646959036, 45.767643176978467 ], [ -84.722812108107973, 45.770757859331489 ], [ -84.722398093605648, 45.773523903905783 ], [ -84.719565864726974, 45.776950852202631 ], [ -84.725176388429347, 45.784667354130718 ], [ -84.730735180775199, 45.786562119586975 ], [ -84.752467269870849, 45.787074227448436 ], [ -84.728384096699031, 45.846070126450165 ], [ -84.701297351810453, 45.849683768075231 ], [ -84.701906859753635, 45.85270773149071 ], [ -84.707553425022027, 45.858907382547592 ], [ -84.721503527028531, 45.873571951270144 ], [ -84.732291279091356, 45.899280964819503 ], [ -84.733471504601994, 45.905603054486605 ], [ -84.737516793333512, 45.946662186805327 ], [ -84.736446380008459, 45.950116842346304 ], [ -84.729293131427809, 45.961009845560952 ], [ -84.725313268749076, 45.964678175159278 ], [ -84.721825740135742, 45.966520902491467 ], [ -84.705920265177525, 45.971593127689829 ], [ -84.702012036642714, 45.971805000930303 ], [ -84.691386722625822, 45.970520898167095 ], [ -84.686124205092113, 45.972273106548684 ], [ -84.685304283548561, 45.977601763324259 ], [ -84.68382060823734, 46.008319918422977 ], [ -84.68751082518223, 46.011385949297164 ], [ -84.69065625477441, 46.01746814900612 ], [ -84.691591107549911, 46.029004915685753 ], [ -84.685226902154668, 46.039101306581763 ], [ -84.676884932500869, 46.046361104047314 ], [ -84.674229221967238, 46.047841549639585 ], [ -84.658449152313977, 46.052555200823683 ], [ -84.650705227157303, 46.051512673670487 ], [ -84.620883084823475, 46.038469380578221 ], [ -84.602491535186601, 46.028667566175905 ], [ -84.589067401343641, 46.027999032686395 ], [ -84.577414850106194, 46.029784379863884 ], [ -84.573279034953671, 46.030952540682556 ], [ -84.56481977995297, 46.031283913572835 ], [ -84.560063239674434, 46.030602009343454 ], [ -84.556846349723415, 46.029574891068449 ], [ -84.545692857392055, 46.023572912864402 ], [ -84.541133506884677, 46.019445476740813 ], [ -84.533464865303003, 46.006039523146015 ], [ -84.532287227474356, 46.000907214140746 ], [ -84.531896743012652, 45.987922776029166 ], [ -84.533912246158295, 45.983727661802661 ], [ -84.534691655098783, 45.976139285553266 ], [ -84.532803205499064, 45.971907540043105 ], [ -84.527287941704628, 45.968351450108798 ], [ -84.513277231620577, 45.972599751686033 ], [ -84.509724103050658, 45.982136052875809 ], [ -84.512275492754029, 45.986238938255426 ], [ -84.512779878749939, 45.989416424416881 ], [ -84.51113200444091, 45.991809970209481 ], [ -84.507795179892113, 45.994417064268447 ], [ -84.502747312352469, 45.995608098236247 ], [ -84.488585150188612, 45.994297638597843 ], [ -84.484958067199813, 45.993074217992472 ], [ -84.482377968298522, 45.989857370812295 ], [ -84.480732930033824, 45.984003803725727 ], [ -84.480257196124171, 45.978976249005122 ], [ -84.466389419322084, 45.969739320291964 ], [ -84.461587282360924, 45.971366287027514 ], [ -84.459936683528525, 45.982711158177388 ], [ -84.46015821904615, 45.987183358094192 ], [ -84.462516360782701, 45.992677867452407 ], [ -84.466294521717572, 45.999062286879777 ], [ -84.465819702364712, 46.003083911035269 ], [ -84.463439258987606, 46.005329979040418 ], [ -84.459746062463225, 46.006455638290063 ], [ -84.436455346460903, 46.007311730681977 ], [ -84.398698986313448, 45.999900292919669 ], [ -84.39537747480226, 45.998104854755276 ], [ -84.380714302228924, 45.988746391544559 ], [ -84.359759744327903, 45.981846029030706 ], [ -84.36016308062247, 45.986626443123512 ], [ -84.359539400596148, 45.992333550751006 ], [ -84.35677569999477, 45.995476478294897 ], [ -84.353080805349009, 45.996598649537589 ], [ -84.31972916754556, 45.998325571262853 ], [ -84.315849075096594, 45.997548617263661 ], [ -84.311774590867216, 45.995089310534958 ], [ -84.297586269704595, 45.98386390601199 ], [ -84.278656348689111, 45.980690934599664 ], [ -84.21819215370742, 45.984128606148005 ], [ -84.215271791672976, 45.986049065341021 ], [ -84.211430424657834, 45.986708615305112 ], [ -84.120929017440915, 45.985905914240455 ], [ -84.115957342122329, 45.984567125516421 ], [ -84.094542788420284, 45.972843891733895 ], [ -84.092306579607751, 45.970528896291427 ], [ -84.082850994544089, 45.968524975788959 ], [ -84.012770072473813, 45.95622627238518 ], [ -83.996905236001098, 45.957816056927506 ], [ -83.994562679713894, 45.961025366026682 ], [ -83.992455512075139, 45.962812851604248 ], [ -83.986836989991986, 45.965651505857679 ], [ -83.983517322109449, 45.966614764791636 ], [ -83.927563730959392, 45.969126332664629 ], [ -83.91694455797041, 45.966395225817472 ], [ -83.912948909039997, 45.963960604141775 ], [ -83.912024753150817, 45.961795524612249 ], [ -83.9095728146591, 45.957449772909364 ], [ -83.894503197790854, 45.989232662895532 ], [ -83.894403326889872, 45.992332060648735 ], [ -83.89745139464209, 45.999299276912019 ], [ -83.906418406475453, 46.007518222207366 ], [ -83.936854785076193, 46.029299771419495 ], [ -83.943900353543313, 46.032156764616225 ], [ -83.959043548441855, 46.030619664087418 ], [ -83.963611387983605, 46.028762363396389 ], [ -83.964097135405794, 46.024163174347549 ], [ -83.965999999896866, 46.021523149988553 ], [ -83.969987866587203, 46.019585748779043 ], [ -83.974021842204905, 46.019414951652081 ], [ -83.982995548519327, 46.027623820424573 ], [ -83.999599520212456, 46.042091933754847 ], [ -84.010287782888469, 46.046647842537752 ], [ -84.017842729295054, 46.049712761152144 ], [ -84.028476893443255, 46.058806605891718 ], [ -84.068744938323832, 46.095164275336273 ], [ -84.069626378506072, 46.098759523323409 ], [ -84.068030274994015, 46.103044342280192 ], [ -84.060374434875911, 46.111995692273652 ], [ -84.046677849561334, 46.121876622413772 ], [ -84.043290584383172, 46.123357705069047 ], [ -84.033966867448981, 46.124681243735516 ], [ -84.028542388709326, 46.125168059706574 ], [ -84.026699889398841, 46.134490288337318 ], [ -84.05176469000736, 46.143375510854341 ], [ -84.073343438478247, 46.147608271670777 ], [ -84.088220482067925, 46.147688167499162 ], [ -84.093656277639141, 46.149169652921522 ], [ -84.109283051513799, 46.159092735478715 ], [ -84.126098773294984, 46.178362193378931 ], [ -84.163594138175554, 46.177698578835482 ], [ -84.197281006534823, 46.166599092294689 ], [ -84.217306829870267, 46.16443149483036 ], [ -84.221368278648811, 46.165433772930825 ], [ -84.237384786099199, 46.170750070029321 ], [ -84.245876616906529, 46.175246505705999 ], [ -84.266413392460919, 46.197246383450981 ], [ -84.267439913572048, 46.199855285438936 ], [ -84.266963389204221, 46.202454535391645 ], [ -84.259297530742373, 46.215402641366744 ], [ -84.25576045370525, 46.218163470461676 ], [ -84.251641211705206, 46.219528080824531 ], [ -84.241599149736956, 46.221560254184354 ], [ -84.237566253360058, 46.22125549769504 ], [ -84.211633065090467, 46.23301788213513 ], [ -84.209551967864385, 46.242598249211817 ], [ -84.206763779810217, 46.245736838464815 ], [ -84.201684169766992, 46.246913610327653 ], [ -84.196482888884631, 46.246024787164316 ], [ -84.189591145141179, 46.24317758367485 ], [ -84.186790699520202, 46.241166788561571 ], [ -84.18119582102571, 46.235356228126442 ], [ -84.168894558538682, 46.23312537985538 ], [ -84.152828724494398, 46.225528720549818 ], [ -84.143746220962868, 46.228003753089489 ], [ -84.126454278708565, 46.235938795618111 ], [ -84.108563719918791, 46.245575568289816 ], [ -84.113297590609889, 46.25706506687807 ], [ -84.116498366433959, 46.264862478471485 ], [ -84.118164847720621, 46.271079872226366 ], [ -84.121603660193273, 46.279765247868681 ], [ -84.121636547719433, 46.286441673825657 ], [ -84.123393593350713, 46.295750580924242 ], [ -84.123762102860439, 46.302986392382238 ], [ -84.121228887995542, 46.311300271136879 ], [ -84.123555506995714, 46.319808472471571 ], [ -84.11527751810182, 46.323287400288287 ], [ -84.112862275725178, 46.328087028647239 ], [ -84.097921129436898, 46.332100638390834 ], [ -84.086768361865495, 46.330904012560701 ] ] ] } },
{ "type": "Feature", "id": 0, "properties": { "lakeid": 1 }, "geometry": { "type": "MultiPolygon", "coordinates": [ [ ], [ [ [ -86.077273984183279, 45.965441675878381 ], [ -86.055848085903506, 45.963443228744211 ], [ -86.039982747078724, 45.960696389661301 ], [ -86.004127769066642, 45.952643531455784 ], [ -85.975943171139932, 45.944618905090891 ], [ -85.957776701986447, 45.938459632855668 ], [ -85.925430836174485, 45.935472448872915 ], [ -85.925133819849634, 45.941557647860883 ], [ -85.919338259020947, 45.95019947504332 ], [ -85.894208842730364, 45.966012896189376 ], [ -85.889062992762589, 45.967533204394101 ], [ -85.862590602151556, 45.96812113465343 ], [ -85.848631778701559, 45.967354805319225 ], [ -85.828840307083581, 45.973772036876412 ], [ -85.820521858533027, 45.977157740840106 ], [ -85.808246117620087, 45.979617419623125 ], [ -85.788589886541487, 45.97732195687923 ], [ -85.742697997223928, 45.965102568968 ], [ -85.740119291984911, 45.963042410208672 ], [ -85.727924752896328, 45.965210599489971 ], [ -85.724325066467827, 45.965262656795836 ], [ -85.702704179958445, 45.962048048112095 ], [ -85.68823815123946, 45.961892479092356 ], [ -85.656991662870595, 45.966216705605405 ], [ -85.653754954192877, 45.967540921686457 ], [ -85.652582800361174, 45.977445469692597 ], [ -85.649022537785498, 45.983178878446182 ], [ -85.64548855726062, 45.985818938697349 ], [ -85.629735946305672, 45.99497167243306 ], [ -85.617465157296323, 46.00854234988271 ], [ -85.600257923182241, 46.033399258255074 ], [ -85.59518949928858, 46.037876374017216 ], [ -85.545051464356533, 46.07734710882076 ], [ -85.531467176276522, 46.087114734912362 ], [ -85.519635671466162, 46.093406399916432 ], [ -85.508486306910413, 46.096769485236734 ], [ -85.494234257908829, 46.098127040900039 ], [ -85.480003932090455, 46.096855343388469 ], [ -85.456800764078338, 46.090565433469664 ], [ -85.440548894246859, 46.093521556301241 ], [ -85.430492731075446, 46.099975689889064 ], [ -85.418457665848209, 46.102988003401784 ], [ -85.414122195073929, 46.102786512715547 ], [ -85.359024085386054, 46.090764251394219 ], [ -85.341602125088713, 46.093959972829026 ], [ -85.33501926248745, 46.093345242679753 ], [ -85.327035601812995, 46.091750123339608 ], [ -85.312934262183774, 46.086904671601758 ], [ -85.309758846041262, 46.085319482188886 ], [ -85.29839904705814, 46.078377868264795 ], [ -85.295629574986791, 46.075176093450601 ], [ -85.257364064723518, 46.06296575043595 ], [ -85.195551779611947, 46.052804900446297 ], [ -85.180705747469503, 46.056664494166036 ], [ -85.175144616273499, 46.056624321690059 ], [ -85.144947625710657, 46.049398437807803 ], [ -85.131207944500702, 46.045127728964459 ], [ -85.092769125462922, 46.026541410226251 ], [ -85.082600149304227, 46.025848856240877 ], [ -85.045715016200788, 46.019128003617716 ], [ -85.029627316017837, 46.01563363084032 ], [ -85.005623875840271, 46.00865345734767 ], [ -85.001312450747676, 46.005894742411861 ], [ -84.973662302965352, 45.984147414139194 ], [ -84.941879411095357, 45.95681943876059 ], [ -84.915760784653486, 45.925839025401395 ], [ -84.909844326949795, 45.922451755375739 ], [ -84.903351112536143, 45.921004680465721 ], [ -84.875513153705114, 45.911391136590851 ], [ -84.854193742007823, 45.900102435974496 ], [ -84.841460473349599, 45.883261846529862 ], [ -84.817141157482951, 45.86596223700959 ], [ -84.794952955981287, 45.85735897978504 ], [ -84.770106142614736, 45.844968904106665 ], [ -84.756375177488337, 45.837740737994743 ], [ -84.74553626882782, 45.844556003536944 ], [ -84.740844996503995, 45.845776443434417 ], [ -84.728384096699031, 45.846070126450165 ], [ -84.752467269870849, 45.787074227448436 ], [ -84.77598760362909, 45.787623829068764 ], [ -84.785795627002329, 45.785443922272641 ], [ -84.792463115465608, 45.779150200991737 ], [ -84.788332016522489, 45.774524733271157 ], [ -84.781995659774026, 45.765042989365455 ], [ -84.782996818765469, 45.762050180409148 ], [ -84.78799324620438, 45.754640401379078 ], [ -84.795712718268305, 45.7492372967778 ], [ -84.805686605849885, 45.746200832862755 ], [ -84.842009821853978, 45.746160677332099 ], [ -84.859238142930636, 45.751000579033516 ], [ -84.877579701378735, 45.755471729946358 ], [ -84.882401652186843, 45.755531158850623 ], [ -84.88944487581054, 45.752149945170181 ], [ -84.922705473595983, 45.755826699927674 ], [ -84.931609854428089, 45.757993209126582 ], [ -84.940487571633611, 45.758493242298719 ], [ -84.989419950919881, 45.757300630386851 ], [ -84.992284279141955, 45.754013117629363 ], [ -84.978251919856305, 45.750731472209523 ], [ -84.95665800987409, 45.740668562474312 ], [ -84.943254612886832, 45.728979833051469 ], [ -84.939871462989572, 45.723325717041185 ], [ -84.939472075474953, 45.719513209202255 ], [ -84.942967682195402, 45.710821942612476 ], [ -84.946908066756436, 45.707234954004463 ], [ -84.955079709556017, 45.703577036135165 ], [ -84.976614217543045, 45.683948329416395 ], [ -85.000573693212843, 45.66095588288217 ], [ -85.008765679341423, 45.655425459156653 ], [ -85.067954742324247, 45.635372820539004 ], [ -85.076355803248958, 45.627875373101489 ], [ -85.077880776230145, 45.620920053821401 ], [ -85.09275710065458, 45.603574040219584 ], [ -85.100428578539393, 45.595977179371147 ], [ -85.105083815031577, 45.593257355024164 ], [ -85.119098106071689, 45.579304838193579 ], [ -85.119815935251339, 45.575725568485694 ], [ -85.117986129541151, 45.539502182681531 ], [ -85.116803103004898, 45.532232780250204 ], [ -85.112023564045145, 45.519234353690265 ], [ -85.096369573328886, 45.482649791057277 ], [ -85.069405605807958, 45.455318269645709 ], [ -85.049843084227263, 45.440112122949607 ], [ -85.034383613843573, 45.43263102782246 ], [ -84.98312272710649, 45.421523000611856 ], [ -84.980429326049929, 45.424682730910988 ], [ -84.975036973703737, 45.425885395856369 ], [ -84.953601031948281, 45.424902853149767 ], [ -84.933845268330913, 45.422088726114787 ], [ -84.923068121635438, 45.417687046541793 ], [ -84.916908649830901, 45.411724587068171 ], [ -84.91604518057909, 45.407064288431322 ], [ -84.921298495762386, 45.392071232350197 ], [ -84.925411093786579, 45.389236005111044 ], [ -84.954439609277898, 45.378782160418893 ], [ -84.990059621749381, 45.369492474851199 ], [ -84.994993396350679, 45.368941311451572 ], [ -85.01471321683367, 45.371109143481497 ], [ -85.023369438257077, 45.369273601329517 ], [ -85.039339986416309, 45.363762664909274 ], [ -85.043873337215018, 45.363260539218622 ], [ -85.115575655342141, 45.367943671008106 ], [ -85.119496993856515, 45.369252194362119 ], [ -85.127662074709505, 45.373331635215798 ], [ -85.138618875363235, 45.374217538181767 ], [ -85.144185306177675, 45.373342820147784 ], [ -85.154472526112485, 45.369915080293289 ], [ -85.185467475227028, 45.36243181600387 ], [ -85.203376027143278, 45.362121263735069 ], [ -85.211803395601279, 45.358592298085064 ], [ -85.237824412720954, 45.341325765344322 ], [ -85.254897525732346, 45.328441768791066 ], [ -85.259326012953565, 45.323431395136346 ], [ -85.271772997879168, 45.31693763212693 ], [ -85.277339139824733, 45.315179500439534 ], [ -85.281499665095041, 45.314761716047052 ], [ -85.28734457204834, 45.315308396466669 ], [ -85.29454290320254, 45.31720955329677 ], [ -85.304635147048373, 45.321019397331618 ], [ -85.319497916690779, 45.305698209072226 ], [ -85.339909699755594, 45.290554874147972 ], [ -85.348265079350966, 45.285601817171006 ], [ -85.368284721234403, 45.275426743356704 ], [ -85.37498372647822, 45.269584496357226 ], [ -85.378602046432079, 45.264486167264522 ], [ -85.391629792528335, 45.233666359477134 ], [ -85.39195787444946, 45.210446614111603 ], [ -85.38722762593305, 45.185875338444092 ], [ -85.386174908340791, 45.182799025794488 ], [ -85.383783007430608, 45.179227668191679 ], [ -85.380215038117626, 45.168596796378239 ], [ -85.38052460852893, 45.154592547987598 ], [ -85.382663778263648, 45.148882724844704 ], [ -85.374709345589466, 45.125377042496957 ], [ -85.367575626702973, 45.113509543200159 ], [ -85.366231205507674, 45.109151613531751 ], [ -85.369612709114648, 45.085061136860787 ], [ -85.372481272071596, 45.071893276684044 ], [ -85.379106975939138, 45.056248094630362 ], [ -85.381824043861144, 45.050643813940972 ], [ -85.384053447864588, 45.024905981404046 ], [ -85.379003196791302, 45.004804573337509 ], [ -85.384752519791903, 44.966747463632942 ], [ -85.39086892936956, 44.946960009535992 ], [ -85.394400715006739, 44.936662260607669 ], [ -85.410545762321433, 44.904235982955093 ], [ -85.427900922016335, 44.880845933288263 ], [ -85.449899847784565, 44.855213425795149 ], [ -85.462309248720004, 44.825845296722754 ], [ -85.470523163916056, 44.818251281086603 ], [ -85.47321209915637, 44.816703209129614 ], [ -85.481756767494574, 44.813666218073756 ], [ -85.492465392934079, 44.808103849949248 ], [ -85.502313926858918, 44.801641660561202 ], [ -85.506834512419317, 44.793305251340939 ], [ -85.509595064091428, 44.785867819503743 ], [ -85.506604014320345, 44.781947284353812 ], [ -85.505666743922617, 44.778730909526764 ], [ -85.506910737329648, 44.77062965949014 ], [ -85.508668827475219, 44.767739931662788 ], [ -85.52822900464443, 44.750310583023904 ], [ -85.532520405543607, 44.748289820830855 ], [ -85.536454533973682, 44.748061162634045 ], [ -85.565352262614667, 44.753257343173118 ], [ -85.572769960697514, 44.757753412362021 ], [ -85.5740022054935, 44.760706023029996 ], [ -85.573558078326329, 44.764243445053957 ], [ -85.568467428149347, 44.772537375440713 ], [ -85.560307027808676, 44.782738797490239 ], [ -85.559184657309061, 44.787048539419871 ], [ -85.558914515047206, 44.805382426355678 ], [ -85.556148463796404, 44.813921861380123 ], [ -85.52825138773413, 44.838694477398782 ], [ -85.508161141715348, 44.846453253330445 ], [ -85.497528877200921, 44.859417426609241 ], [ -85.495020430567209, 44.8658332682759 ], [ -85.49001376727395, 44.897886237486297 ], [ -85.491754069299091, 44.910431725488991 ], [ -85.492254998665885, 44.927540241379162 ], [ -85.485920457140878, 44.957526581814271 ], [ -85.483104925080724, 44.95948225841169 ], [ -85.477944263913784, 44.960099689794674 ], [ -85.465242424160579, 44.959316416516877 ], [ -85.468786429226896, 44.979463171093805 ], [ -85.471826987170502, 44.988004160178114 ], [ -85.474502739845747, 44.989956693776534 ], [ -85.480044181329447, 44.990874255124147 ], [ -85.487373473204187, 44.98999714508102 ], [ -85.517274476517642, 44.974167412655667 ], [ -85.519997951501992, 44.970093835529923 ], [ -85.526335945818374, 44.949605740956578 ], [ -85.531101959113158, 44.930093986007904 ], [ -85.558420657683769, 44.901234571606253 ], [ -85.548321310189394, 44.898146751951614 ], [ -85.544605728858556, 44.898853548408354 ], [ -85.535286823199883, 44.898563632361174 ], [ -85.531292218779456, 44.896186073612363 ], [ -85.530281619862578, 44.893495059026172 ], [ -85.532413831489819, 44.883196550474032 ], [ -85.535580624101542, 44.873424294634127 ], [ -85.537449678210535, 44.870952449287316 ], [ -85.548036193093267, 44.862999392160852 ], [ -85.551309872032746, 44.859510132886108 ], [ -85.56486072484249, 44.831513886436987 ], [ -85.572356625200641, 44.822320351380739 ], [ -85.577272135419349, 44.819126517805991 ], [ -85.579163445652441, 44.816195258641571 ], [ -85.588037851891229, 44.793963323078437 ], [ -85.594557250840396, 44.774043601451687 ], [ -85.594805536421887, 44.770503348148651 ], [ -85.5974263233757, 44.767326881431309 ], [ -85.601009224058259, 44.766161491204969 ], [ -85.616882432875201, 44.76488307302499 ], [ -85.629483030973134, 44.767445304837921 ], [ -85.632296179517184, 44.768505093584281 ], [ -85.635332349100977, 44.770782594999197 ], [ -85.637215561700771, 44.773487145928996 ], [ -85.637141217348784, 44.786298071661086 ], [ -85.64389231460946, 44.816200356900204 ], [ -85.649086247473917, 44.828681655366729 ], [ -85.649625985132786, 44.830959774680899 ], [ -85.650881852581875, 44.842110339582497 ], [ -85.648060579195445, 44.874634420389661 ], [ -85.645402994198307, 44.884247012732764 ], [ -85.630716712295964, 44.910339270168414 ], [ -85.624807901012275, 44.918253190655484 ], [ -85.622518957271325, 44.920259147193924 ], [ -85.617662779976371, 44.921502676521484 ], [ -85.607561361910612, 44.921554181824696 ], [ -85.604283266875399, 44.924380287908178 ], [ -85.604567607583945, 44.950594110582834 ], [ -85.603423509294217, 44.970588567892172 ], [ -85.600366322894985, 44.986372441311723 ], [ -85.60275956252903, 44.989931800710629 ], [ -85.608345571120125, 44.987381683432282 ], [ -85.616482212847529, 44.980832417867887 ], [ -85.623235339383911, 44.973623661808055 ], [ -85.631651545589079, 44.968516832570735 ], [ -85.63657660390632, 44.967272703362298 ], [ -85.640957462463348, 44.968252463960127 ], [ -85.645656550817876, 44.971171427986206 ], [ -85.647317980087621, 44.973838323901894 ], [ -85.646823494642163, 44.977314325405317 ], [ -85.627545207908852, 45.00557285107034 ], [ -85.616975780507104, 45.012256279266751 ], [ -85.604269562757125, 45.022893199725843 ], [ -85.599836257923016, 45.031949114321002 ], [ -85.598084087474319, 45.041398520352075 ], [ -85.596481079960853, 45.043842444424634 ], [ -85.589361725188198, 45.048745406360631 ], [ -85.58411638973142, 45.048728429501097 ], [ -85.580110689304661, 45.046352399125539 ], [ -85.577956043030426, 45.043164225501201 ], [ -85.573663202304488, 45.041846631208529 ], [ -85.569163007955254, 45.042778634245124 ], [ -85.56774531479283, 45.058845064801211 ], [ -85.570943011789907, 45.063301371088222 ], [ -85.575181797332561, 45.066847024400381 ], [ -85.578720374846185, 45.067162873889579 ], [ -85.582911513495361, 45.068745607970058 ], [ -85.585853428873037, 45.071134692120793 ], [ -85.599840090759912, 45.089484127624189 ], [ -85.611954789634069, 45.113415251998724 ], [ -85.615585563151754, 45.125819244321207 ], [ -85.615226226077056, 45.128589766299584 ], [ -85.601332729066073, 45.148845721623992 ], [ -85.597476039252427, 45.150907657345797 ], [ -85.586695655422957, 45.153418322485066 ], [ -85.57624464607315, 45.152982587161425 ], [ -85.53631083695916, 45.173095218609959 ], [ -85.528451662231888, 45.182823633224103 ], [ -85.530688100737919, 45.192576458486414 ], [ -85.541572546349101, 45.210494899405568 ], [ -85.548631849255898, 45.212405624098722 ], [ -85.553231332650199, 45.211467458374415 ], [ -85.559652956292609, 45.20145542114539 ], [ -85.570607799699161, 45.18989698570342 ], [ -85.590314454457442, 45.180632001335525 ], [ -85.606387638720832, 45.179076712720622 ], [ -85.613848563507673, 45.181585513896636 ], [ -85.621424850987381, 45.185979963734006 ], [ -85.647601361176172, 45.159762099377865 ], [ -85.661078911773345, 45.144665757654828 ], [ -85.678482727469344, 45.118841816099824 ], [ -85.683893684404353, 45.094060339905141 ], [ -85.68515841885764, 45.091927184309291 ], [ -85.691152203168073, 45.085988740065076 ], [ -85.716506668972315, 45.066488026369065 ], [ -85.75048161053644, 45.052390212685111 ], [ -85.754328405104459, 45.046619788635553 ], [ -85.77072827030149, 45.020354883344055 ], [ -85.778265610698, 44.998679248467404 ], [ -85.777840625875626, 44.994750435774385 ], [ -85.783101019956547, 44.976662348893299 ], [ -85.805138076884262, 44.951575580456293 ], [ -85.825313535861156, 44.94298843715849 ], [ -85.860480138385626, 44.937982852855406 ], [ -85.87165456309404, 44.939854698534305 ], [ -85.875739922865534, 44.94163057361343 ], [ -85.888433209702498, 44.953257193953533 ], [ -85.896927306029539, 44.962167076150443 ], [ -85.902932286794751, 44.966955059154365 ], [ -85.931903510709233, 44.969798138006077 ], [ -85.937037827847348, 44.968932409326428 ], [ -85.940346032081735, 44.966542278235039 ], [ -85.95677532066172, 44.942340227389998 ], [ -85.964428033233489, 44.930742295197355 ], [ -85.976899374502665, 44.906278254218734 ], [ -85.980254146765958, 44.903460067111261 ], [ -85.991945807024535, 44.900126421719861 ], [ -85.995887596786957, 44.899882023059092 ], [ -86.019114080312121, 44.903594042078979 ], [ -86.031003261265084, 44.909421429982899 ], [ -86.039312530343778, 44.919101740562041 ], [ -86.06074672909449, 44.914050462646067 ], [ -86.073495865149525, 44.904171003578966 ], [ -86.079328878802428, 44.886558742581357 ], [ -86.075736381963736, 44.864129720135125 ], [ -86.069521961579852, 44.836833577615849 ], [ -86.069176226989342, 44.821330186966712 ], [ -86.079901160220317, 44.79189220293248 ], [ -86.076695759745107, 44.767341639724677 ], [ -86.086093903124819, 44.745983254859162 ], [ -86.088345958689061, 44.743700399237603 ], [ -86.114575070910377, 44.728834724734838 ], [ -86.118935245955385, 44.727658710195236 ], [ -86.163813377661711, 44.725551683841552 ], [ -86.186149876860952, 44.716452313132692 ], [ -86.229862695005409, 44.704822680565307 ], [ -86.245335864355283, 44.698999989513915 ], [ -86.253998640311167, 44.692442684729144 ], [ -86.257901718825238, 44.673161582769993 ], [ -86.257697367871927, 44.655737295553088 ], [ -86.24667507046685, 44.632456395071699 ], [ -86.242816946488631, 44.629005136943469 ], [ -86.229840369027258, 44.603956649641475 ], [ -86.222513522148901, 44.583621798579273 ], [ -86.221843167397395, 44.564363746149496 ], [ -86.225383822192072, 44.542097096863024 ], [ -86.239351859148769, 44.50721918023126 ], [ -86.248457621741437, 44.478798500843212 ], [ -86.251578961313243, 44.461801652558989 ], [ -86.24793356846898, 44.440943746220398 ], [ -86.248616520159942, 44.419470940479634 ], [ -86.267202369985952, 44.346094282625693 ], [ -86.281336360436356, 44.327067701082434 ], [ -86.300341805072165, 44.305499691225087 ], [ -86.308550064675003, 44.291590980493922 ], [ -86.321168666254408, 44.266999489819959 ], [ -86.338834519145109, 44.251061799289502 ], [ -86.358294077878327, 44.210972085626423 ], [ -86.380578023492944, 44.189914520030811 ], [ -86.387950857238522, 44.181336129293747 ], [ -86.395016971438437, 44.170957808751602 ], [ -86.399409658833406, 44.156902552771669 ], [ -86.416552176950816, 44.135324295902969 ], [ -86.44416758353043, 44.107360816090129 ], [ -86.482446376485512, 44.085677022337435 ], [ -86.517091648740632, 44.060316276730511 ], [ -86.51828629439504, 44.052859611262619 ], [ -86.516406837136913, 44.045695276224826 ], [ -86.50517571177582, 44.027697386308446 ], [ -86.460476749475433, 43.970015608013647 ], [ -86.4472870490726, 43.921023679547474 ], [ -86.447108855422542, 43.886834293358561 ], [ -86.433992838276566, 43.858902145029255 ], [ -86.428614342924462, 43.814147522451869 ], [ -86.433486957712859, 43.791705434291401 ], [ -86.438623617153539, 43.778855463975546 ], [ -86.446165034320643, 43.76370492352833 ], [ -86.45631602053983, 43.749321861143443 ], [ -86.463929581016785, 43.741063553310994 ], [ -86.518881934477577, 43.687032532212385 ], [ -86.527279529753301, 43.679882679311966 ], [ -86.537176046586026, 43.656290399737671 ], [ -86.538492202966381, 43.64869169414289 ], [ -86.536064636586303, 43.619882981195637 ], [ -86.533429930428255, 43.603974563631027 ], [ -86.527163046703933, 43.591345276987404 ], [ -86.512254780704339, 43.566785148301818 ], [ -86.50339912695739, 43.554464526176439 ], [ -86.494370290220317, 43.544884244877075 ], [ -86.489595167166513, 43.538356979770214 ], [ -86.468048289527161, 43.496150396872913 ], [ -86.461384498775104, 43.478826060101056 ], [ -86.453254365154066, 43.448166756092284 ], [ -86.430072193410723, 43.38560066455814 ], [ -86.397428148139653, 43.320991141186745 ], [ -86.340824593741019, 43.233538012708401 ], [ -86.335684305758022, 43.225636168065627 ], [ -86.307162952874876, 43.182057724527652 ], [ -86.281579357815104, 43.140681777660149 ], [ -86.26111526461149, 43.101302404791632 ], [ -86.259627323320942, 43.092536317276263 ], [ -86.237447112946384, 43.030158677078454 ], [ -86.226941801154339, 42.989617133857024 ], [ -86.215324158519252, 42.916822598458531 ], [ -86.213560710458367, 42.894949821206808 ], [ -86.211181823196426, 42.855945980735008 ], [ -86.210800785917144, 42.799158921265068 ], [ -86.208422974813075, 42.765599857316879 ], [ -86.207937382442353, 42.737920005141518 ], [ -86.209585148096352, 42.693220687637137 ], [ -86.214265718273964, 42.677602952535537 ], [ -86.219911769036685, 42.658748413537211 ], [ -86.229612675924926, 42.639810395934617 ], [ -86.232019666023746, 42.621691491760458 ], [ -86.227619799251059, 42.591400817978524 ], [ -86.234821519669836, 42.568027984055362 ], [ -86.243602027974958, 42.529763127278791 ], [ -86.247078239140535, 42.493921015543037 ], [ -86.258259476338111, 42.456797781197061 ], [ -86.268750672676049, 42.431265142325493 ], [ -86.281436339406383, 42.406307525630822 ], [ -86.303913373457888, 42.35057972781167 ], [ -86.326958584981824, 42.303430077057492 ], [ -86.338454897879018, 42.282681538585209 ], [ -86.362535686946615, 42.24663903196349 ], [ -86.390276108137883, 42.212731625787683 ], [ -86.415757253534125, 42.18364651432951 ], [ -86.455989911493134, 42.143616644102934 ], [ -86.474218719115214, 42.128411974191764 ], [ -86.488153623623333, 42.113717964433249 ], [ -86.490442329857018, 42.103202134124018 ], [ -86.513532674209188, 42.070127200904267 ], [ -86.54022084354915, 42.027214449199569 ], [ -86.562838115893385, 41.984444485774183 ], [ -86.566962340493646, 41.970393649845938 ], [ -86.583013046364584, 41.937959700638636 ], [ -86.595478213795204, 41.92031739422346 ], [ -86.610080353487021, 41.902138219131281 ], [ -86.641925419836426, 41.875929223592387 ], [ -86.705622221927982, 41.827023177241244 ], [ -86.74798887240226, 41.803783816554322 ], [ -86.776203396666972, 41.78617213740695 ], [ -86.817580794602932, 41.764351635987538 ], [ -86.82589854338238, 41.760722187166287 ], [ -86.873882905108871, 41.739762301972945 ], [ -86.915537102842151, 41.718061100603414 ], [ -86.946763270469745, 41.708011143916025 ], [ -87.021700977977247, 41.67773783479884 ], [ -87.092333848309892, 41.653986622372116 ], [ -87.121524233112581, 41.645581329669064 ], [ -87.177011267215789, 41.632673107379219 ], [ -87.222445749746271, 41.624730654356377 ], [ -87.270100506048649, 41.620817975816088 ], [ -87.29576999664387, 41.619761921383102 ], [ -87.315181543025091, 41.620341637564138 ], [ -87.369993622920873, 41.631331845178345 ], [ -87.424878734626404, 41.645707031953002 ], [ -87.435071790403114, 41.653148074948298 ], [ -87.436887374886879, 41.656581075918133 ], [ -87.435316362267969, 41.660066919037654 ], [ -87.417720322640889, 41.675222562524517 ], [ -87.424587335351461, 41.679914276215044 ], [ -87.436258736836066, 41.671751748777361 ], [ -87.439270687973263, 41.670105891045218 ], [ -87.442994524038667, 41.669804753103101 ], [ -87.464334574236929, 41.67288671659518 ], [ -87.47126733228103, 41.675511830602581 ], [ -87.480319624035744, 41.680185837338833 ], [ -87.493677131377623, 41.68745469713371 ], [ -87.512881725946897, 41.700423104192254 ], [ -87.523590000359235, 41.713704291993984 ], [ -87.523942168017371, 41.714140976072713 ], [ -87.525645608592228, 41.718427315177962 ], [ -87.529842539923351, 41.746872681812498 ], [ -87.53913384174713, 41.754853767729472 ], [ -87.549495509485183, 41.76002396707154 ], [ -87.552939670235716, 41.761144927370935 ], [ -87.556252547274099, 41.763900132981298 ], [ -87.566420800798852, 41.77749124872134 ], [ -87.57066486027783, 41.783541019009036 ], [ -87.574262319119057, 41.795818619184132 ], [ -87.58085920257507, 41.807689508003818 ], [ -87.589647341605527, 41.818041762033722 ], [ -87.59913026923644, 41.831408366068487 ], [ -87.605775939897711, 41.845406975811834 ], [ -87.607319839585912, 41.850293308248197 ], [ -87.606594605247054, 41.853933542454087 ], [ -87.603766324958301, 41.856169044878072 ], [ -87.602878234397267, 41.867357630816741 ], [ -87.626661460607068, 41.932929780404727 ], [ -87.640781711599246, 41.970816328429159 ], [ -87.650178914002865, 41.984743060789135 ], [ -87.667472141524428, 42.037982287062263 ], [ -87.67306440518928, 42.065421003735594 ], [ -87.674668001433673, 42.069136556157702 ], [ -87.680351546452101, 42.076227024800104 ], [ -87.691295903133877, 42.086041260344672 ], [ -87.707811918513798, 42.098236877458888 ], [ -87.720326727084398, 42.109246915566729 ], [ -87.735017040730042, 42.12512882016734 ], [ -87.739027657105538, 42.129826993867319 ], [ -87.745079894223096, 42.137633308714378 ], [ -87.757471173520713, 42.155209299091467 ], [ -87.772597891405397, 42.175728659422283 ], [ -87.780872863434865, 42.181386369045285 ], [ -87.789720397427473, 42.190513275556349 ], [ -87.796806471812744, 42.201216966514799 ], [ -87.814193150551702, 42.231648797274516 ], [ -87.820534262504921, 42.246454616203906 ], [ -87.831966271394535, 42.286400916133189 ], [ -87.833212261775941, 42.301735559057576 ], [ -87.829641616876046, 42.326257032244996 ], [ -87.82863992059643, 42.331737397831752 ], [ -87.821557891093136, 42.35932863163309 ], [ -87.813147803686917, 42.375661785128486 ], [ -87.804900693388277, 42.38809387262603 ], [ -87.800930336777327, 42.438159585719909 ], [ -87.795635196066755, 42.458996609313047 ], [ -87.798689011855714, 42.481844324223864 ], [ -87.802596766348159, 42.495406900419525 ], [ -87.802645554813765, 42.495543215103545 ], [ -87.808631142626027, 42.512263264272839 ], [ -87.811462425212781, 42.523349703725401 ], [ -87.812933721727759, 42.534376662296083 ], [ -87.812558446307719, 42.586959933895038 ], [ -87.816609862556291, 42.596156348474892 ], [ -87.818478518851848, 42.609899325471964 ], [ -87.817471641826828, 42.622474414381834 ], [ -87.800442686982137, 42.672316987415734 ], [ -87.790902074653431, 42.69388719726556 ], [ -87.782698908389662, 42.711707665068559 ], [ -87.777294665338431, 42.721139276740445 ], [ -87.78135791321229, 42.745988950359099 ], [ -87.778979399584784, 42.75864466743726 ], [ -87.772788864295762, 42.768722392490112 ], [ -87.764277916335374, 42.776919309701462 ], [ -87.758867342541578, 42.782077171611931 ], [ -87.762353757293582, 42.786808045089408 ], [ -87.768835265170381, 42.791958578438681 ], [ -87.780588132141389, 42.797198899996438 ], [ -87.794704972587425, 42.80664360667862 ], [ -87.813172274599893, 42.824138179684184 ], [ -87.822468503566682, 42.834740375762479 ], [ -87.835043068447874, 42.855149608866924 ], [ -87.843839405293394, 42.871413227974223 ], [ -87.848206955057563, 42.883423176684275 ], [ -87.85023063110981, 42.894236185918459 ], [ -87.848982135382599, 42.900422094754866 ], [ -87.847620150351659, 42.903058610667969 ], [ -87.84507980193699, 42.937779283095779 ], [ -87.844714394216069, 42.95301398312683 ], [ -87.848111455397301, 42.965126847844139 ], [ -87.860088238635228, 42.978471979401569 ], [ -87.882958028085326, 42.996726680558069 ], [ -87.903780455108901, 43.01564522144195 ], [ -87.905499630931061, 43.018138976792436 ], [ -87.905345831787301, 43.020762227287662 ], [ -87.901296880426358, 43.030654630268948 ], [ -87.895083996407152, 43.041358756501261 ], [ -87.878334463884656, 43.058091559170897 ], [ -87.865281574306621, 43.068261758674296 ], [ -87.863846901101567, 43.072409583942175 ], [ -87.874123903419274, 43.095363321887604 ], [ -87.878451193197961, 43.099967813183831 ], [ -87.884912629785831, 43.104846107990902 ], [ -87.89974352914291, 43.121412134845677 ], [ -87.901330040103815, 43.125853558856868 ], [ -87.899904611105583, 43.135976129078358 ], [ -87.88511129059701, 43.160200188336638 ], [ -87.882407433875656, 43.166926468725599 ], [ -87.881572084900455, 43.171771990825135 ], [ -87.887182198356626, 43.186792978684679 ], [ -87.896835207941464, 43.198242314579417 ], [ -87.905110130051668, 43.223397929945712 ], [ -87.911171111612234, 43.243859765112454 ], [ -87.91071741996339, 43.258536994336893 ], [ -87.905382929381076, 43.2755552569553 ], [ -87.891833310469295, 43.300484960142803 ], [ -87.889240026440675, 43.306980793273567 ], [ -87.886254549895838, 43.318610449750643 ], [ -87.882660809883149, 43.336897357761714 ], [ -87.881616780109084, 43.348521821672151 ], [ -87.873887814075346, 43.374702628805764 ], [ -87.862122113532507, 43.395582868333378 ], [ -87.844906332797578, 43.415235039315021 ], [ -87.833157286888309, 43.427077908985652 ], [ -87.818203128511655, 43.44471435747181 ], [ -87.808438413182486, 43.459542380718204 ], [ -87.798032091297017, 43.478668676033905 ], [ -87.794012502146131, 43.488470903863117 ], [ -87.793446527487035, 43.507289177096943 ], [ -87.794369170578847, 43.520601587915436 ], [ -87.792945328327306, 43.553009952633133 ], [ -87.790517655570852, 43.566880369376477 ], [ -87.755662527767882, 43.612091307897899 ], [ -87.75185999517609, 43.614805727358053 ], [ -87.72877762958619, 43.644411593246609 ], [ -87.714254284754062, 43.665265244361379 ], [ -87.706999219094001, 43.679631729065534 ], [ -87.703911259866047, 43.701198325844864 ], [ -87.709822638696494, 43.731433700759624 ], [ -87.709297375281821, 43.736725529347332 ], [ -87.704797858767151, 43.753383419249488 ], [ -87.703168298788086, 43.756870390760341 ], [ -87.703663229795893, 43.765587729130949 ], [ -87.71052575426441, 43.776943979071582 ], [ -87.716967852908013, 43.784613495256181 ], [ -87.724595823430874, 43.7985084527879 ], [ -87.728126378275732, 43.806014816082488 ], [ -87.736380623927616, 43.866523406661031 ], [ -87.731752994033855, 43.892831934020265 ], [ -87.721662899456319, 43.932455301295384 ], [ -87.716163148491248, 43.94332879880028 ], [ -87.705751031597643, 43.954963968555177 ], [ -87.701483761892177, 43.964372854068763 ], [ -87.698284103307657, 43.984359923637946 ], [ -87.695491123706887, 43.993681227476486 ], [ -87.688699886787902, 44.011738640284584 ], [ -87.682074350142386, 44.024856440209547 ], [ -87.658360190439026, 44.047733099155749 ], [ -87.656298295439782, 44.055708309553523 ], [ -87.658499991677672, 44.064300833283944 ], [ -87.657682068648882, 44.074980624412959 ], [ -87.654799339711545, 44.090321742535352 ], [ -87.651774255105806, 44.098758516413312 ], [ -87.649633586653252, 44.10132968670122 ], [ -87.634867362177303, 44.111187674022489 ], [ -87.619907753305213, 44.119132581258754 ], [ -87.576918654080856, 44.132870912158765 ], [ -87.564972188691101, 44.138488498303268 ], [ -87.553885841108155, 44.146318460767858 ], [ -87.535245631244379, 44.160835295312971 ], [ -87.518201238988809, 44.179643873973866 ], [ -87.511440983016271, 44.197716685143902 ], [ -87.509804183399567, 44.211749740317302 ], [ -87.510264413624611, 44.220324569592535 ], [ -87.514969365775116, 44.238723602050506 ], [ -87.52394836415958, 44.256928566463039 ], [ -87.537845186669401, 44.278084235175371 ], [ -87.546773276697238, 44.303479644360259 ], [ -87.547558989918812, 44.315040281970461 ], [ -87.54554695806371, 44.326439866133732 ], [ -87.534656486718205, 44.352285709348529 ], [ -87.527592238021768, 44.360627534519168 ], [ -87.522970293577885, 44.369303144238096 ], [ -87.512165174256339, 44.418433376445989 ], [ -87.503464017412895, 44.458911995342362 ], [ -87.495625440440364, 44.471111561202605 ], [ -87.484916578874802, 44.510565297773546 ], [ -87.473226730473073, 44.545706293208994 ], [ -87.460535454703333, 44.561971739971213 ], [ -87.45442979268141, 44.571904552586716 ], [ -87.447258168487295, 44.588122129211158 ], [ -87.439371183746076, 44.602161160749894 ], [ -87.425680884134891, 44.610584212461525 ], [ -87.40821812509374, 44.62589371275628 ], [ -87.396644943305262, 44.637658815894035 ], [ -87.385492889920286, 44.65492226275029 ], [ -87.375652653023167, 44.675865922038504 ], [ -87.362553432805313, 44.693413334743376 ], [ -87.354703500155068, 44.701665337685881 ], [ -87.345856521802659, 44.717964881723532 ], [ -87.342715500560445, 44.73267946731108 ], [ -87.338294887213195, 44.746683108913047 ], [ -87.334569366590841, 44.753792407366753 ], [ -87.322972924941212, 44.768991022714502 ], [ -87.319826796192274, 44.791904365378528 ], [ -87.316956248744944, 44.794014741192896 ], [ -87.2869401135586, 44.811720691331026 ], [ -87.282441609170277, 44.825822596085054 ], [ -87.276591020362844, 44.83863832693752 ], [ -87.273118250954596, 44.843283474468222 ], [ -87.266625650775026, 44.84743750306631 ], [ -87.235610169908242, 44.859836112163954 ], [ -87.209429224460195, 44.871267163160695 ], [ -87.208405159059268, 44.885293571768855 ], [ -87.21397245499854, 44.889481350132044 ], [ -87.217230843626965, 44.893453183380529 ], [ -87.219551192902628, 44.898709564874196 ], [ -87.21891996513186, 44.902768402056971 ], [ -87.213280343668075, 44.908757980584269 ], [ -87.20313322604575, 44.915843971424955 ], [ -87.193334497368127, 44.920533248722215 ], [ -87.17683884607186, 44.926261675683456 ], [ -87.175889941808762, 44.931614504936697 ], [ -87.177574951072359, 44.937690969488088 ], [ -87.187199314377125, 44.942898958614293 ], [ -87.191074395487135, 44.946961232074599 ], [ -87.192319157940091, 44.956838760301203 ], [ -87.190833348488951, 44.96761274939616 ], [ -87.183747697641834, 44.97935586669454 ], [ -87.171926811040606, 44.995697647473129 ], [ -87.165353781770236, 45.003752065927557 ], [ -87.158381854733378, 45.008380762397216 ], [ -87.141390478644482, 45.014300755464674 ], [ -87.127747796241877, 45.049901707202956 ], [ -87.126036680381418, 45.061446013688531 ], [ -87.124446337425695, 45.066780374550433 ], [ -87.122894100732012, 45.069070360208379 ], [ -87.119679212033333, 45.070700820349494 ], [ -87.110560728347352, 45.070490728879562 ], [ -87.104044667312039, 45.068777650220035 ], [ -87.100613033592566, 45.065993448530378 ], [ -87.097434953156267, 45.060048914461241 ], [ -87.095943090808561, 45.0550452075503 ], [ -87.083640395857358, 45.058945172015001 ], [ -87.084301785227296, 45.067355881858802 ], [ -87.084978501240826, 45.073104471191016 ], [ -87.088410387049493, 45.075889205023863 ], [ -87.094795632129461, 45.080169280793548 ], [ -87.098910224939402, 45.082332396732916 ], [ -87.101328096628237, 45.086283519287853 ], [ -87.10121756390437, 45.089735014938903 ], [ -87.096621343075839, 45.093640561844282 ], [ -87.093109081699282, 45.094817694551935 ], [ -87.088161578856941, 45.09465837300845 ], [ -87.084876139905433, 45.093094018674506 ], [ -87.07461727755323, 45.085657819622824 ], [ -87.069919828612726, 45.07926358141065 ], [ -87.066719122616462, 45.080105698747047 ], [ -87.059212367500805, 45.088184287370062 ], [ -87.055744940017988, 45.097184793195012 ], [ -87.052775750784122, 45.107783735000083 ], [ -87.055085545348504, 45.116437326797794 ], [ -87.063178076360103, 45.12383976217059 ], [ -87.067521598229874, 45.124194127350144 ], [ -87.075439933409271, 45.126883835058365 ], [ -87.078872720753466, 45.129668762981666 ], [ -87.08575601375145, 45.142103966540297 ], [ -87.086160747469961, 45.144873995254173 ], [ -87.084818407128495, 45.152928590141791 ], [ -87.083192587766121, 45.15546851033573 ], [ -87.078754925505478, 45.157371293742521 ], [ -87.073984890403963, 45.157307962325469 ], [ -87.070696522483487, 45.155742967650305 ], [ -87.05236905497172, 45.135586283842692 ], [ -87.041320131674041, 45.138566972128764 ], [ -87.035896209712632, 45.142734658361036 ], [ -87.033887193012461, 45.147535985010876 ], [ -87.045114562557401, 45.154987077396264 ], [ -87.046845670402703, 45.157494123709306 ], [ -87.050166341611032, 45.17092119917244 ], [ -87.042614649089273, 45.226753097757879 ], [ -87.040050385973288, 45.229964203377357 ], [ -87.037222952839358, 45.231487594919514 ], [ -87.032664006273393, 45.232590490454918 ], [ -87.028806863817096, 45.231906171569968 ], [ -87.015792851911684, 45.225732130723927 ], [ -87.013465516021085, 45.223472774889999 ], [ -87.010805506123987, 45.215773281724672 ], [ -87.008136568592974, 45.211978609053411 ], [ -87.00107978550254, 45.211849836915341 ], [ -86.992635670972291, 45.215270686225558 ], [ -86.988015269887796, 45.219094137615187 ], [ -86.984412233906639, 45.225214647290024 ], [ -86.988141580501889, 45.235970428043217 ], [ -86.988723172222279, 45.259682595219509 ], [ -86.98731371832119, 45.262861821402439 ], [ -86.975454857339884, 45.274364215984768 ], [ -86.975308401086167, 45.278531087229837 ], [ -86.983752102503587, 45.291313291215864 ], [ -86.986832044964402, 45.292953635733667 ], [ -87.001470397003573, 45.296739589684414 ], [ -87.020124670505083, 45.298065857149197 ], [ -87.023662210186572, 45.298122626773228 ], [ -87.029723886109437, 45.293214774592208 ], [ -87.03047047656321, 45.289921593977887 ], [ -87.032708742875982, 45.287619639976143 ], [ -87.036294527175698, 45.286409108811768 ], [ -87.050702868207466, 45.284491383782203 ], [ -87.05456370785619, 45.285175066181864 ], [ -87.057822957378519, 45.287383890935139 ], [ -87.060005220431265, 45.290174880113106 ], [ -87.060844357782955, 45.294122749968736 ], [ -87.065290173236633, 45.297040070558886 ], [ -87.069172187049048, 45.296654192399799 ], [ -87.073762355581124, 45.29445988195166 ], [ -87.075657958888272, 45.291401154035341 ], [ -87.082631210021844, 45.262455475067597 ], [ -87.099073577884923, 45.256926407405267 ], [ -87.10612275604845, 45.258468414001761 ], [ -87.109756135365402, 45.258211171214128 ], [ -87.114397256918593, 45.256911656908621 ], [ -87.123519529820797, 45.237805830451578 ], [ -87.130161076257778, 45.220534297917368 ], [ -87.127351321900889, 45.20986465540031 ], [ -87.126478156985826, 45.198822922300998 ], [ -87.127597861871578, 45.195085746792557 ], [ -87.131570007569081, 45.192679286925163 ], [ -87.144173432902548, 45.191385399925863 ], [ -87.167013141201537, 45.185976374240241 ], [ -87.174251633378319, 45.181151689065068 ], [ -87.17968739469606, 45.173886130888931 ], [ -87.178134679687332, 45.163993674850815 ], [ -87.178461998221564, 45.156732425124702 ], [ -87.180083496748765, 45.154191173210869 ], [ -87.184587434348572, 45.152302489254943 ], [ -87.189771401307809, 45.152885245199947 ], [ -87.199143752346188, 45.161502312449819 ], [ -87.201950358728126, 45.163207782248449 ], [ -87.225664063666102, 45.175103056194594 ], [ -87.237044580324394, 45.172673775607933 ], [ -87.240598808530052, 45.170408866723861 ], [ -87.242657194334384, 45.168022013940224 ], [ -87.247108833861788, 45.149564762217153 ], [ -87.253440963952798, 45.130952152395835 ], [ -87.262839061823286, 45.123671478547827 ], [ -87.265301525989926, 45.111138902587193 ], [ -87.266149868216303, 45.103305213659084 ], [ -87.264773791453649, 45.096946801768681 ], [ -87.266155846012637, 45.088459079019067 ], [ -87.268337149235492, 45.083358215938759 ], [ -87.271232406392897, 45.079763456771765 ], [ -87.301204822602742, 45.051815313873917 ], [ -87.312744413979658, 45.045157106441252 ], [ -87.325552304109053, 45.034198294468958 ], [ -87.338949078238784, 45.015230800510871 ], [ -87.364158251744428, 44.990072404629622 ], [ -87.369925347582381, 44.974990060970285 ], [ -87.37555363924119, 44.963888359105098 ], [ -87.388407507518593, 44.94248024195403 ], [ -87.403496459261206, 44.918544560702095 ], [ -87.411028322047827, 44.910627218581411 ], [ -87.411887124717481, 44.903140171231023 ], [ -87.40828494094265, 44.899615309461758 ], [ -87.40199821192212, 44.896855250428942 ], [ -87.392276406976919, 44.888239668868806 ], [ -87.39092017653546, 44.886073760564798 ], [ -87.39127033927538, 44.866695002619807 ], [ -87.391357966095427, 44.842090851245139 ], [ -87.387877238949059, 44.830764204091189 ], [ -87.392588501820128, 44.831985284900853 ], [ -87.396111391687157, 44.835110561442221 ], [ -87.399448089951619, 44.840299530239776 ], [ -87.409677767069994, 44.856765859600685 ], [ -87.424956394233732, 44.883970141540253 ], [ -87.428452264617093, 44.889628535081513 ], [ -87.431230451775619, 44.890736857036032 ], [ -87.441222209110208, 44.891346543637653 ], [ -87.444422885511187, 44.89004110587571 ], [ -87.47483075877706, 44.869946175638816 ], [ -87.480971805452455, 44.863726108844411 ], [ -87.502858126504194, 44.861710017474444 ], [ -87.513709845078054, 44.858668599715379 ], [ -87.529088697312886, 44.84990970764148 ], [ -87.539186904403834, 44.848262310976253 ], [ -87.548002886872155, 44.831453768290729 ], [ -87.550735388281609, 44.829445017738919 ], [ -87.555855343952928, 44.828732543513588 ], [ -87.559469998852919, 44.829857927012796 ], [ -87.564425887253577, 44.833836931532282 ], [ -87.564854775527166, 44.836605918044121 ], [ -87.562121739636069, 44.842765258379849 ], [ -87.558934660753735, 44.844408915613506 ], [ -87.552471906313798, 44.845548746878059 ], [ -87.554187554192666, 44.847902707683168 ], [ -87.557180339155494, 44.849598855699455 ], [ -87.562578127442379, 44.851095072883453 ], [ -87.581629324198886, 44.85187898387408 ], [ -87.614550676564548, 44.83705580030329 ], [ -87.623811609257288, 44.829072511800476 ], [ -87.635727253714862, 44.817623318273107 ], [ -87.641596883914417, 44.811635459278904 ], [ -87.668072609330721, 44.781370784845258 ], [ -87.689196692687787, 44.76101589088902 ], [ -87.711202334085201, 44.735436697594977 ], [ -87.723360218085318, 44.726483808417449 ], [ -87.725389331332067, 44.721704087777134 ], [ -87.724395994511141, 44.711461341754038 ], [ -87.722170461534418, 44.697483431059304 ], [ -87.725303624629106, 44.69081854704968 ], [ -87.756621678386736, 44.65437075153045 ], [ -87.765628638170284, 44.644831547059631 ], [ -87.773119095155238, 44.639856825978434 ], [ -87.782459459399661, 44.637644761209678 ], [ -87.792237920325618, 44.6379753795296 ], [ -87.805391464234432, 44.637293474893667 ], [ -87.812937569418551, 44.635986560745678 ], [ -87.846548467302668, 44.617877342846747 ], [ -87.850458198378035, 44.617567765250037 ], [ -87.861232388492937, 44.618623538143517 ], [ -87.868609480343892, 44.61433518616527 ], [ -87.883555643982376, 44.602836117768895 ], [ -87.906735074089013, 44.572937195541549 ], [ -87.904831077005724, 44.569510631389754 ], [ -87.906064486134952, 44.565463734228146 ], [ -87.9234416932117, 44.544074092010398 ], [ -87.931115435396833, 44.534722352696896 ], [ -87.93472538304465, 44.531617121768136 ], [ -87.93996768038761, 44.529192395465898 ], [ -87.950627298032998, 44.527819236783643 ], [ -87.967128390754709, 44.528472829911493 ], [ -87.97976297159839, 44.530186630477971 ], [ -87.991292982460052, 44.533346210715607 ], [ -88.012021667534668, 44.541076969477338 ], [ -88.023863564025007, 44.546584681769737 ], [ -88.027758297502857, 44.551735974309786 ], [ -88.033843757926846, 44.568232287730019 ], [ -88.033610113725317, 44.57101293438447 ], [ -88.016992935439134, 44.607289651668793 ], [ -88.013104259488728, 44.60972899899749 ], [ -88.009033641996609, 44.610028067325658 ], [ -88.005293821532931, 44.613588644457124 ], [ -88.007889379826253, 44.616358694095958 ], [ -88.016109496681608, 44.635163355168132 ], [ -88.016252139628321, 44.638843269095929 ], [ -88.006650980927418, 44.663018041473798 ], [ -87.998554022512693, 44.670109020341343 ], [ -87.986956257430705, 44.716229601424317 ], [ -87.970490260650379, 44.736701409483906 ], [ -87.967286691058533, 44.73989822712425 ], [ -87.95296914941926, 44.752108596907448 ], [ -87.949921057256134, 44.753578694258017 ], [ -87.939867774073278, 44.761614351771819 ], [ -87.921667506923839, 44.785556764397285 ], [ -87.911874127812183, 44.80799510610462 ], [ -87.905563390187353, 44.821466179480495 ], [ -87.899047098549573, 44.827103749246689 ], [ -87.880277009938524, 44.837305968737589 ], [ -87.875752238407685, 44.838436537050725 ], [ -87.865495801708946, 44.84633810058866 ], [ -87.833053810717857, 44.88310523814129 ], [ -87.832566125990382, 44.886569065003293 ], [ -87.833047576490884, 44.893151288320468 ], [ -87.841648927747372, 44.903548889477065 ], [ -87.845676506243038, 44.914693315867346 ], [ -87.844606458938117, 44.924814584963897 ], [ -87.842896615107861, 44.928434631750733 ], [ -87.824173554853999, 44.946643741801395 ], [ -87.818269947940394, 44.950796346675823 ], [ -87.786836854441518, 44.959058005898974 ], [ -87.728899311669025, 44.969585409611639 ], [ -87.683095477095961, 44.972431341535952 ], [ -87.669813357953018, 44.971937122822354 ], [ -87.660556152405618, 44.969608366825732 ], [ -87.652943017121586, 44.974668723508714 ], [ -87.635374807281195, 44.98009703769447 ], [ -87.633097847443622, 44.982517472399003 ], [ -87.629282963648251, 44.991127426176426 ], [ -87.626923072243358, 45.010146179257774 ], [ -87.628982466899316, 45.023660497946366 ], [ -87.627190693674606, 45.043953042974493 ], [ -87.625095991964415, 45.053028396641572 ], [ -87.613758684236458, 45.074298721651424 ], [ -87.611972672615394, 45.07679411021234 ], [ -87.609440010714891, 45.078690516936931 ], [ -87.598868313525699, 45.083479054903158 ], [ -87.593816367825454, 45.090896972927624 ], [ -87.599426822037472, 45.09343848067504 ], [ -87.613840745579921, 45.117477613468431 ], [ -87.611442229554029, 45.132868342364951 ], [ -87.602542705194082, 45.149906712092751 ], [ -87.586005124761243, 45.169471643167888 ], [ -87.570071206786409, 45.179876045499462 ], [ -87.554616124554386, 45.189421856277633 ], [ -87.537115433369081, 45.203854197539705 ], [ -87.486602455613593, 45.25085334434231 ], [ -87.451614427180218, 45.286809857479106 ], [ -87.440445701981162, 45.30467110556387 ], [ -87.424770124885512, 45.326233807386885 ], [ -87.396619272179692, 45.361143619234383 ], [ -87.366290275169703, 45.388928636566909 ], [ -87.348480243171608, 45.411027077483503 ], [ -87.334271715861945, 45.43389359455827 ], [ -87.336104891146363, 45.438220914605601 ], [ -87.335106650185438, 45.447999162237565 ], [ -87.31883896899123, 45.468235507725723 ], [ -87.297260631197247, 45.495725392069154 ], [ -87.276842568580321, 45.531680840152212 ], [ -87.269362544724615, 45.546368757965311 ], [ -87.261423336307786, 45.560296744987923 ], [ -87.235379447416847, 45.591157910374079 ], [ -87.221359398075009, 45.606283649014685 ], [ -87.196794959955639, 45.639225481549552 ], [ -87.176289938254499, 45.658563611125459 ], [ -87.169008509981325, 45.664991701001156 ], [ -87.160108036465317, 45.668820971863134 ], [ -87.127213640134812, 45.681895883829775 ], [ -87.118114574981192, 45.684424557027306 ], [ -87.069552615018793, 45.711056823504919 ], [ -87.059821488814919, 45.733604203684649 ], [ -87.062978037154295, 45.755905635462 ], [ -87.063650721552719, 45.758345468817282 ], [ -87.063641826839103, 45.767722360688744 ], [ -87.059399283719173, 45.795906124753031 ], [ -87.056471946536064, 45.812919041431712 ], [ -87.049267334750922, 45.822297477775415 ], [ -87.036805575561957, 45.833451214623032 ], [ -87.033709735739322, 45.835107295056957 ], [ -87.011906107067091, 45.841809988474715 ], [ -87.00118995013446, 45.846605351473109 ], [ -87.001447427220597, 45.84941925829083 ], [ -87.014384528531735, 45.852765897851263 ], [ -87.0185417749896, 45.85479932089379 ], [ -87.02125850111176, 45.857961489290105 ], [ -87.020361111591839, 45.861762302153927 ], [ -87.018603545654258, 45.863665909852152 ], [ -87.005556439388656, 45.875553424791811 ], [ -86.994499350141282, 45.886410032301612 ], [ -86.986210029797377, 45.898665800069942 ], [ -86.984554745292456, 45.901203837862255 ], [ -86.973467717110282, 45.908602837005553 ], [ -86.969460304555696, 45.90887936285143 ], [ -86.965790483301518, 45.907733610100294 ], [ -86.952297099507362, 45.899635443027741 ], [ -86.94989656627483, 45.896131934032915 ], [ -86.946880574229141, 45.884372381195703 ], [ -86.9484318586629, 45.87785154127176 ], [ -86.951915671554715, 45.873536783386228 ], [ -86.98334608738277, 45.84812725976554 ], [ -87.007470609494248, 45.830572272756591 ], [ -87.001326166668676, 45.81998800133924 ], [ -86.991689491784456, 45.811622462961481 ], [ -86.989135325754148, 45.807920511517267 ], [ -86.982153902935664, 45.78678365940695 ], [ -86.977052598294904, 45.752744002920267 ], [ -86.976903403722957, 45.747760346912237 ], [ -86.979408361717915, 45.735561462992067 ], [ -86.984419905762223, 45.718343599834157 ], [ -86.986309118652358, 45.705784621257294 ], [ -86.982326720947924, 45.695303070503378 ], [ -86.969730233857248, 45.676049255848348 ], [ -86.965854676834056, 45.667940307159242 ], [ -86.961277012248573, 45.679269987286951 ], [ -86.959644181816842, 45.681738722666388 ], [ -86.948291030657501, 45.695047024271119 ], [ -86.944041467690283, 45.699670583745231 ], [ -86.941462489879768, 45.701402749393544 ], [ -86.935408599579674, 45.703325316392828 ], [ -86.899947830631518, 45.710325067381348 ], [ -86.876574611557388, 45.710733753525055 ], [ -86.857030994127442, 45.715933354039933 ], [ -86.840451969624283, 45.722253161226604 ], [ -86.844556377101867, 45.734313742586998 ], [ -86.843964902204206, 45.738033133509198 ], [ -86.841697537435721, 45.740330634869899 ], [ -86.821722317665618, 45.758423509871726 ], [ -86.809954687772105, 45.787352928389595 ], [ -86.809322668789576, 45.790024553571826 ], [ -86.806762555216295, 45.792589561687613 ], [ -86.803136265178196, 45.793791711209394 ], [ -86.785988397153076, 45.795110740595526 ], [ -86.77302267546095, 45.812459902978141 ], [ -86.776951569649455, 45.825712037688703 ], [ -86.788096816522184, 45.833496494446592 ], [ -86.788344982559011, 45.836727726436933 ], [ -86.781561675903902, 45.857943649133077 ], [ -86.77928614908636, 45.86023973381397 ], [ -86.776341217517768, 45.861330025459608 ], [ -86.752575943824141, 45.865965235910011 ], [ -86.746388680133393, 45.865965730819859 ], [ -86.743070651967386, 45.864390385319112 ], [ -86.733771289164636, 45.854441077368499 ], [ -86.73320912637304, 45.849185861045335 ], [ -86.720058098489929, 45.843292336638136 ], [ -86.711050971097009, 45.841499076068224 ], [ -86.671371470593584, 45.836471593855826 ], [ -86.653839633269683, 45.835267260975023 ], [ -86.633966658134455, 45.84200969644656 ], [ -86.629118364107839, 45.865018947525691 ], [ -86.62656832507156, 45.867750207642473 ], [ -86.583730162021482, 45.895870848267748 ], [ -86.574721100997095, 45.89849316931609 ], [ -86.565722032386503, 45.898409244575539 ], [ -86.558002063920583, 45.895927693840143 ], [ -86.537101270665772, 45.883140850623306 ], [ -86.532472035170855, 45.874887152579646 ], [ -86.529290044917403, 45.856618382319006 ], [ -86.531927488888996, 45.849845738128437 ], [ -86.558337941952317, 45.815182144653178 ], [ -86.577005845263002, 45.80220268055983 ], [ -86.582858530441598, 45.792619619514802 ], [ -86.57892384361125, 45.787147115022293 ], [ -86.573900009490856, 45.785834819993809 ], [ -86.570151872169873, 45.783781220042165 ], [ -86.567616510871915, 45.781150192270815 ], [ -86.56631002468778, 45.778203430613559 ], [ -86.567322478389272, 45.775509473856602 ], [ -86.570141980036226, 45.773526814344415 ], [ -86.574015810841459, 45.7727868238374 ], [ -86.60557884310829, 45.774281147580851 ], [ -86.61699517528173, 45.779521994689873 ], [ -86.620251227850147, 45.782934534020569 ], [ -86.631143784353171, 45.780664949594076 ], [ -86.635900382142381, 45.762037276541051 ], [ -86.632454072706182, 45.759238410538508 ], [ -86.632070721827532, 45.756467311991095 ], [ -86.636977365763514, 45.745495012141063 ], [ -86.649030188258124, 45.731229642985213 ], [ -86.651844162291894, 45.72924483064827 ], [ -86.655713400919353, 45.728501793774711 ], [ -86.663831860902164, 45.728812623140875 ], [ -86.672759337932121, 45.719785994451627 ], [ -86.672100528641124, 45.709805794644524 ], [ -86.66856812316648, 45.706975004633861 ], [ -86.667486996994242, 45.704261892013527 ], [ -86.668221861731695, 45.701929090232959 ], [ -86.673823452607223, 45.694048598252564 ], [ -86.680826993366509, 45.689319171890759 ], [ -86.685276151959314, 45.687755530656986 ], [ -86.691461297000103, 45.687559698944611 ], [ -86.695345283704427, 45.688256349555957 ], [ -86.702718969058949, 45.691380331013249 ], [ -86.708551292451475, 45.690464041318293 ], [ -86.716063524585365, 45.684080912291648 ], [ -86.72151779428583, 45.676647538877702 ], [ -86.719661702110059, 45.666656847064623 ], [ -86.715565973474639, 45.657986286055724 ], [ -86.679495262612932, 45.626953202518237 ], [ -86.660859083830303, 45.616985516884341 ], [ -86.64799090338694, 45.614706600016895 ], [ -86.627534351237671, 45.613272843874803 ], [ -86.617406953364053, 45.618485268818553 ], [ -86.624503040720839, 45.640848948928472 ], [ -86.627494368515698, 45.659602725379564 ], [ -86.625960201622291, 45.662022428978553 ], [ -86.620998058868864, 45.66582220347037 ], [ -86.614615123459842, 45.667453816205295 ], [ -86.593089236774304, 45.675793401764061 ], [ -86.586050647526733, 45.683817656481089 ], [ -86.585310113551358, 45.697594272023942 ], [ -86.583775216370611, 45.705910471523453 ], [ -86.579501571147134, 45.712628407578535 ], [ -86.575044214198201, 45.714820652413501 ], [ -86.571174518168121, 45.715560936069778 ], [ -86.551422133571677, 45.713387500355147 ], [ -86.547772178595324, 45.712228833647764 ], [ -86.535742847513731, 45.714534616268658 ], [ -86.533122054760113, 45.717732763206548 ], [ -86.528608387892902, 45.723880236489634 ], [ -86.526625432647577, 45.732003231818815 ], [ -86.526280573904089, 45.738950372141545 ], [ -86.528003899957412, 45.741465255953507 ], [ -86.527680431592188, 45.744239674939564 ], [ -86.525399376541515, 45.746530673647868 ], [ -86.512883838934627, 45.753193347610015 ], [ -86.50781343187731, 45.754129417555511 ], [ -86.50342194213232, 45.753744959566106 ], [ -86.499770611433618, 45.752584741305363 ], [ -86.486161925355987, 45.749382220765774 ], [ -86.438698382900554, 45.762008787669188 ], [ -86.431258744187176, 45.773614944716478 ], [ -86.430183584773715, 45.784881286711041 ], [ -86.428005981446674, 45.787788036755131 ], [ -86.423241692228856, 45.790893932683183 ], [ -86.415269013607983, 45.794401324568803 ], [ -86.41169275963604, 45.795224257786018 ], [ -86.407749960041272, 45.795417989816059 ], [ -86.391681438510119, 45.794754600146717 ], [ -86.380258088840279, 45.791622793694181 ], [ -86.376660698875185, 45.790804105664272 ], [ -86.360898770046475, 45.791236614255787 ], [ -86.356967692273727, 45.792208826286156 ], [ -86.348871024191325, 45.802226897664042 ], [ -86.351997968776786, 45.80466037990761 ], [ -86.3530561793456, 45.807345674898357 ], [ -86.351810885744186, 45.813293475496643 ], [ -86.347147728240614, 45.831819237725853 ], [ -86.344324992384287, 45.83610789351409 ], [ -86.334208364387621, 45.849720151499007 ], [ -86.330071477362068, 45.861812114588837 ], [ -86.320784820558998, 45.897416321968294 ], [ -86.319327619944431, 45.908643712320647 ], [ -86.317628506224182, 45.911544566682615 ], [ -86.313703718092313, 45.914897509551658 ], [ -86.272708420411092, 45.942172128601264 ], [ -86.259601900646942, 45.947447365365171 ], [ -86.205187862764674, 45.962476359891134 ], [ -86.198959948831771, 45.963023621943506 ], [ -86.18514092061092, 45.960558274075197 ], [ -86.143785997060974, 45.956155689233363 ], [ -86.130277287814195, 45.9617347210391 ], [ -86.119343246190766, 45.965257939798683 ], [ -86.096506685016905, 45.966747258948935 ], [ -86.077273984183279, 45.965441675878381 ] ] ] ] } },
{ "type": "Feature", "id": 0, "properties": { "lakeid": 1 }, "geometry": { "type": "Polygon", "coordinates": [ [ [ -76.435944699724928, 44.212330226705781 ], [ -76.435287224637236, 44.209070225904846 ], [ -76.429430407368471, 44.205948323094312 ], [ -76.427862929056786, 44.202538771183065 ], [ -76.429672637106378, 44.200453653256581 ], [ -76.433958589146044, 44.199004010983479 ], [ -76.444729032302973, 44.196652615398989 ], [ -76.454853226710753, 44.195413629019022 ], [ -76.470341040664835, 44.191555302149752 ], [ -76.491553895760475, 44.177925699120863 ], [ -76.511375087432071, 44.162518094444629 ], [ -76.513422345482937, 44.148799958036271 ], [ -76.513173320444253, 44.143151411166969 ], [ -76.511912851754559, 44.139544203601183 ], [ -76.509811259706964, 44.137035009092351 ], [ -76.505991722172865, 44.136652017418804 ], [ -76.481645817851856, 44.1352866897194 ], [ -76.473508357623686, 44.136801669582276 ], [ -76.465493418867212, 44.141951604401761 ], [ -76.462515300207812, 44.142781018972677 ], [ -76.456807272253528, 44.141766793901482 ], [ -76.454608996549624, 44.139720612242812 ], [ -76.454716076741533, 44.13726712439918 ], [ -76.458366976195293, 44.132339540829435 ], [ -76.481447102644779, 44.117670188076822 ], [ -76.490865697481581, 44.108737156077545 ], [ -76.488937817707978, 44.10643199582524 ], [ -76.484459481974568, 44.105606540206374 ], [ -76.463470917871106, 44.116139087333195 ], [ -76.459588686506407, 44.117559356852325 ], [ -76.45355936875464, 44.116583984238041 ], [ -76.448697297015002, 44.113026639719507 ], [ -76.445744996148989, 44.10832048343449 ], [ -76.431863012362498, 44.110108323054021 ], [ -76.424306085130439, 44.115133843180828 ], [ -76.394795663624222, 44.127418547782398 ], [ -76.365403130634107, 44.136872914246581 ], [ -76.358963648628873, 44.14070514626799 ], [ -76.359677513512892, 44.14295901038237 ], [ -76.362896280663534, 44.144262057157505 ], [ -76.377088193120031, 44.140047483002888 ], [ -76.382594835099766, 44.141239150088829 ], [ -76.383560621078132, 44.144192580439643 ], [ -76.371204781592468, 44.158555303531379 ], [ -76.34685551884823, 44.141427727290903 ], [ -76.334386002673725, 44.132651350467725 ], [ -76.337521930509965, 44.131067712312642 ], [ -76.348011778203173, 44.125251420596442 ], [ -76.366071163725238, 44.111641017349683 ], [ -76.372010757511148, 44.105093656611622 ], [ -76.372692672882422, 44.102557640820805 ], [ -76.346621428729122, 44.072711643904114 ], [ -76.330944529915456, 44.064624506065684 ], [ -76.312833515033745, 44.060541789755163 ], [ -76.305686762842839, 44.060224046462743 ], [ -76.302032865953279, 44.059188423577254 ], [ -76.299589346506039, 44.057009873602503 ], [ -76.295819142948559, 44.048653018049869 ], [ -76.295926557175093, 44.045749624180523 ], [ -76.302549370490553, 44.031956806878078 ], [ -76.306869281991396, 44.028102066082596 ], [ -76.301233827865588, 44.02130393292272 ], [ -76.282287762309394, 44.022675348184386 ], [ -76.279280303782542, 44.029993551942148 ], [ -76.272645842962135, 44.040933979095122 ], [ -76.261997429170364, 44.055120061747672 ], [ -76.246723865886665, 44.063837151072896 ], [ -76.234581300549593, 44.067202125255029 ], [ -76.2293446538864, 44.068402172597949 ], [ -76.217811890903789, 44.068804676244142 ], [ -76.213169663728181, 44.067142505565286 ], [ -76.211105190940799, 44.063777508418788 ], [ -76.209443665551561, 44.059909428592753 ], [ -76.201726900002839, 44.057172656236496 ], [ -76.191754029597703, 44.061408138865396 ], [ -76.170725566188551, 44.065646934261579 ], [ -76.152681745121043, 44.065017677853184 ], [ -76.149337358841805, 44.063548261338752 ], [ -76.144965287548629, 44.059145960767317 ], [ -76.144658445471748, 44.055496679246332 ], [ -76.151002963606999, 44.047170784945799 ], [ -76.16584504504111, 44.036360352655961 ], [ -76.16519031822439, 44.03411590135665 ], [ -76.157111207782975, 44.032467824486581 ], [ -76.151240465045859, 44.032369278878555 ], [ -76.141510427959702, 44.037735376735291 ], [ -76.134830802366125, 44.039664237291561 ], [ -76.130089130925882, 44.039671422732269 ], [ -76.126624321575974, 44.039084301517093 ], [ -76.12306255309052, 44.036407036013635 ], [ -76.122756492237997, 44.03275784731278 ], [ -76.127023247561866, 44.024508210557997 ], [ -76.137570411052835, 44.016073931784362 ], [ -76.15443540058925, 44.009217073365527 ], [ -76.179075762924612, 44.00404661950796 ], [ -76.186349108079085, 44.001684217488339 ], [ -76.205231005798296, 43.988461954522975 ], [ -76.207977050373159, 43.982626600394759 ], [ -76.207880771710336, 43.976578972751248 ], [ -76.199524888300786, 43.969261401235059 ], [ -76.169990843505104, 43.960703998396767 ], [ -76.160609126606005, 43.958538574116652 ], [ -76.136378808602927, 43.96532177013232 ], [ -76.120279698382689, 43.971749694212093 ], [ -76.090302893240207, 43.990409112537883 ], [ -76.085513778266161, 43.99737198788295 ], [ -76.082436966906826, 43.999068514925007 ], [ -76.078557275009857, 43.999446700418488 ], [ -76.063470797189837, 43.995517841980785 ], [ -76.059913429370923, 43.987923372103978 ], [ -76.060167417089062, 43.977585998750548 ], [ -76.063074473230401, 43.974039505986781 ], [ -76.06653460498498, 43.972527207690355 ], [ -76.070412516266032, 43.97214949286748 ], [ -76.074058164662489, 43.973192207037513 ], [ -76.076494039367404, 43.975302880651931 ], [ -76.083606191216759, 43.976069389868265 ], [ -76.087765673688693, 43.975654099073111 ], [ -76.098864265221508, 43.967639854704792 ], [ -76.120429919531446, 43.949255463967951 ], [ -76.130943217845882, 43.935921203919492 ], [ -76.133480424277508, 43.932703206166316 ], [ -76.128131988479538, 43.917011727508559 ], [ -76.127428963372793, 43.908367219806458 ], [ -76.128812593852146, 43.903388620047465 ], [ -76.132699067124378, 43.897083579186621 ], [ -76.138994743419858, 43.892412494838972 ], [ -76.146694209930871, 43.889706167601503 ], [ -76.15056572158511, 43.889325141790074 ], [ -76.162041128625944, 43.886834259811565 ], [ -76.175436054481537, 43.880835930997037 ], [ -76.197167234622114, 43.868618900897843 ], [ -76.206037502508252, 43.862728198960795 ], [ -76.211065197128846, 43.861908547248092 ], [ -76.228063070349407, 43.862824118367932 ], [ -76.231704735773235, 43.863861536320485 ], [ -76.234140001298002, 43.866041286707301 ], [ -76.234718055437725, 43.868779845257741 ], [ -76.232883660400248, 43.873036502301467 ], [ -76.227088203854265, 43.878245513147469 ], [ -76.22599396017624, 43.881961905071478 ], [ -76.226021181663512, 43.889339759690309 ], [ -76.266249538327145, 43.881264712405098 ], [ -76.273468172905638, 43.878187146544406 ], [ -76.285475802478032, 43.869423941083838 ], [ -76.292409981910311, 43.863812555973084 ], [ -76.299180098819889, 43.8552450614958 ], [ -76.297108402429075, 43.839363220070645 ], [ -76.294581885439456, 43.838004363133884 ], [ -76.290821219278897, 43.837992769568004 ], [ -76.281150576550743, 43.839794180661897 ], [ -76.277240603930977, 43.839698419638083 ], [ -76.271961207242001, 43.838047557504382 ], [ -76.251045606608329, 43.824221637392775 ], [ -76.233542812986258, 43.806883745752664 ], [ -76.229597840716835, 43.802115519218908 ], [ -76.216371677804744, 43.758630018352733 ], [ -76.205939021538384, 43.717332047627856 ], [ -76.201248068269322, 43.691163831472352 ], [ -76.201486733989924, 43.666310687619102 ], [ -76.198841822934014, 43.647683887342389 ], [ -76.195085071967071, 43.634429807783043 ], [ -76.196343597571072, 43.620493740909353 ], [ -76.204964973604646, 43.577303260087469 ], [ -76.218360856382418, 43.544824733958954 ], [ -76.23571047555906, 43.530556575305063 ], [ -76.250971145269517, 43.525228818045854 ], [ -76.299639707214624, 43.513457631873486 ], [ -76.328534905350907, 43.51382877780383 ], [ -76.34617743947625, 43.515644845844797 ], [ -76.368264300866628, 43.523778572466973 ], [ -76.375791958092265, 43.524626763711701 ], [ -76.399294276427554, 43.524941192550592 ], [ -76.410089239867062, 43.524047702489511 ], [ -76.418982348749068, 43.521643775199657 ], [ -76.454828485683564, 43.500598653249185 ], [ -76.478391121978433, 43.483359344773632 ], [ -76.483415572282823, 43.479021199263826 ], [ -76.492493995105264, 43.473772166052093 ], [ -76.517816079241271, 43.46443211839496 ], [ -76.517816141145175, 43.464432095550954 ], [ -76.560926154707403, 43.448509450936797 ], [ -76.575977413600313, 43.441024745250438 ], [ -76.598856067516039, 43.425200849647673 ], [ -76.611095591612951, 43.418915345520304 ], [ -76.629403034933929, 43.411450785717108 ], [ -76.639595367728461, 43.403033666521587 ], [ -76.6681519809447, 43.366485230834542 ], [ -76.676680375195787, 43.356752695889632 ], [ -76.686725516911864, 43.349815840367008 ], [ -76.697472624639204, 43.344862569161528 ], [ -76.702309041861241, 43.344079875002095 ], [ -76.724291579542495, 43.345005956741673 ], [ -76.754818614693974, 43.326387972872169 ], [ -76.771396401977924, 43.318725605823296 ], [ -76.786364431046891, 43.313295583901279 ], [ -76.821181056043258, 43.307200954086852 ], [ -76.865936345858174, 43.296095256904799 ], [ -76.895248387368511, 43.295724648489887 ], [ -76.899765689826864, 43.294411726599058 ], [ -76.923905864197607, 43.285540840258918 ], [ -76.937237130147665, 43.277305766295122 ], [ -76.946213413296249, 43.273449699877013 ], [ -76.966893969512824, 43.271567571459208 ], [ -77.027240560694466, 43.27208034127505 ], [ -77.040769260896838, 43.273409240492079 ], [ -77.049198913472566, 43.27653825370961 ], [ -77.067781963147453, 43.281919766522527 ], [ -77.10356713553135, 43.289317858192504 ], [ -77.138326898184829, 43.288072163292775 ], [ -77.198127819569009, 43.282510102078781 ], [ -77.265152127750241, 43.278189996621741 ], [ -77.297167477300817, 43.278182420505821 ], [ -77.315492794409906, 43.280684910677699 ], [ -77.337544746802592, 43.280343821129208 ], [ -77.419046708151868, 43.26973662738574 ], [ -77.472034762865405, 43.256072336554922 ], [ -77.50580684394869, 43.248681146952542 ], [ -77.527701585878745, 43.238425070296302 ], [ -77.5353842749808, 43.235975701344941 ], [ -77.5427299397479, 43.235237463907801 ], [ -77.564136083133576, 43.239222391245434 ], [ -77.58231351251041, 43.246212047106454 ], [ -77.602938076700099, 43.255683128593574 ], [ -77.602938172426803, 43.255683172538141 ], [ -77.624548872439377, 43.267839901639995 ], [ -77.638729238969461, 43.27464888721083 ], [ -77.655215351604483, 43.279616195960394 ], [ -77.704441464199547, 43.309321607577608 ], [ -77.713268479394088, 43.320333023892587 ], [ -77.715304372542349, 43.323375498872664 ], [ -77.733442932116063, 43.331240106306382 ], [ -77.759922365447864, 43.341146235047425 ], [ -77.764453115136305, 43.342340946846711 ], [ -77.768519829444372, 43.342214634105531 ], [ -77.776704075413576, 43.340163090274679 ], [ -77.789985691926105, 43.339693876402698 ], [ -77.873868425958079, 43.350050409164332 ], [ -77.892508228831105, 43.353020594342937 ], [ -77.925888577936917, 43.358806366597307 ], [ -77.931176692052034, 43.359977092801522 ], [ -77.936386932519682, 43.362319813181607 ], [ -77.939378515767075, 43.362970337209433 ], [ -77.95699038826092, 43.366798221873438 ], [ -77.977290446587872, 43.368606917173786 ], [ -77.995645534342472, 43.365902907556617 ], [ -78.080067709338948, 43.373985187706481 ], [ -78.111402090841295, 43.376063848500813 ], [ -78.137089948904688, 43.376443126903965 ], [ -78.152364424749365, 43.375701782789832 ], [ -78.163668241203666, 43.374140763057873 ], [ -78.188461592321289, 43.371776483711471 ], [ -78.236747554996839, 43.371238006788658 ], [ -78.243137472560562, 43.371635257825332 ], [ -78.292161124955101, 43.374151916256046 ], [ -78.349477532881224, 43.375678561112927 ], [ -78.386390256350893, 43.377580635803163 ], [ -78.459189712049508, 43.374151493120252 ], [ -78.470583808908643, 43.373998320674737 ], [ -78.485558555199134, 43.375344172447292 ], [ -78.533767914609385, 43.372894825061479 ], [ -78.564517036433344, 43.368097697906471 ], [ -78.60616195879706, 43.362080517527509 ], [ -78.632671306555309, 43.35874150592371 ], [ -78.678691178167924, 43.346765127370531 ], [ -78.724696309973837, 43.340533636992319 ], [ -78.738545742146627, 43.338039185069789 ], [ -78.774903075668249, 43.327828430730527 ], [ -78.821063279453739, 43.319605092289088 ], [ -78.841022888491025, 43.316646285855157 ], [ -78.901666921913815, 43.301503305713666 ], [ -78.964626856720358, 43.283563342717251 ], [ -79.043041488592124, 43.268125252937295 ], [ -79.062491917405879, 43.258344347078271 ], [ -79.068956193962251, 43.259973250141577 ], [ -79.078511676150981, 43.261260247450494 ], [ -79.090320453250996, 43.26350587313889 ], [ -79.097366053204382, 43.263517445359085 ], [ -79.104500598150295, 43.263280072402985 ], [ -79.117816256828505, 43.262357283745011 ], [ -79.130197964120711, 43.258595478694744 ], [ -79.158274860920244, 43.249854225320689 ], [ -79.186229163065576, 43.232849574224034 ], [ -79.209274179520037, 43.228906790737781 ], [ -79.245622546500314, 43.213528085266148 ], [ -79.26365562364569, 43.206715318975299 ], [ -79.311690031120321, 43.192510103331088 ], [ -79.349747803480199, 43.182452659805804 ], [ -79.360217044744616, 43.181705156957889 ], [ -79.364027648293643, 43.182171114293659 ], [ -79.409848322543994, 43.199832343013981 ], [ -79.422360661571744, 43.20287347694407 ], [ -79.433462702318081, 43.203542489553286 ], [ -79.464609198826167, 43.196543252761757 ], [ -79.525677250506845, 43.198554426903073 ], [ -79.543836027307279, 43.20450869795885 ], [ -79.558709455819397, 43.207033847646095 ], [ -79.570119894309784, 43.208411961918685 ], [ -79.583976434023896, 43.20811375946041 ], [ -79.598569010794606, 43.213147797553553 ], [ -79.611871379433012, 43.220258229395 ], [ -79.615575301885585, 43.222237535325952 ], [ -79.622460829077497, 43.223345596498525 ], [ -79.643488536416811, 43.225403591309544 ], [ -79.66373033435822, 43.227090570596168 ], [ -79.666807196609469, 43.228255492498427 ], [ -79.683051474961118, 43.238418793772162 ], [ -79.696003439072541, 43.238707049409989 ], [ -79.70831073388176, 43.238979542422115 ], [ -79.721095967311541, 43.24304633144969 ], [ -79.743915238604956, 43.255088397738987 ], [ -79.75293738298906, 43.263109777341633 ], [ -79.776520622721705, 43.30406754882344 ], [ -79.782677413546153, 43.323622447128891 ], [ -79.780110651291253, 43.328183931253179 ], [ -79.765368516037384, 43.343145456822278 ], [ -79.744052685278305, 43.362026236344867 ], [ -79.726305638320554, 43.369912383792666 ], [ -79.704062368494903, 43.397302369119657 ], [ -79.683553902308176, 43.4187727662569 ], [ -79.663294627003822, 43.444551474400001 ], [ -79.634732852622633, 43.469075838512993 ], [ -79.605757372392276, 43.503402692697755 ], [ -79.600961838724814, 43.528997533021276 ], [ -79.597118775424207, 43.539303442446446 ], [ -79.591687598681276, 43.544888508525709 ], [ -79.563194423031618, 43.56574453557873 ], [ -79.536592575540396, 43.588256623273431 ], [ -79.53102849572015, 43.589860129236421 ], [ -79.523206332350497, 43.590828085189898 ], [ -79.50915419329165, 43.595310973743572 ], [ -79.489676814632844, 43.608096337995043 ], [ -79.487727662196122, 43.610423078087315 ], [ -79.485905854742001, 43.617459346260034 ], [ -79.468374344745769, 43.635852533114544 ], [ -79.465418011441528, 43.637658842188955 ], [ -79.45964336580532, 43.639357176909236 ], [ -79.451312344468164, 43.640842675235049 ], [ -79.443252204464585, 43.640982652163345 ], [ -79.429514170926026, 43.63830641909982 ], [ -79.418393072294677, 43.638676149222619 ], [ -79.40294981798931, 43.64193915105345 ], [ -79.388878220177901, 43.646385084192794 ], [ -79.364957163267775, 43.649760577825184 ], [ -79.361117597062346, 43.649293130512092 ], [ -79.351747601322572, 43.646126331167345 ], [ -79.347575078906971, 43.646556438418074 ], [ -79.340257168533583, 43.650177221646345 ], [ -79.308286891178057, 43.668841829500082 ], [ -79.290473658800394, 43.675097373143771 ], [ -79.254332730181716, 43.700421938972482 ], [ -79.234450043456818, 43.715420038282396 ], [ -79.219862323504543, 43.726683960827948 ], [ -79.203656060594142, 43.741549650695262 ], [ -79.186555566438955, 43.753162905369784 ], [ -79.147750544062916, 43.764535056496854 ], [ -79.093323543054339, 43.816987050635682 ], [ -79.090513315518621, 43.818826647034633 ], [ -79.085106762652572, 43.819743864841477 ], [ -79.070178417262071, 43.81820355129571 ], [ -79.045860505737579, 43.819262613278113 ], [ -79.033868731167573, 43.823061129399207 ], [ -79.005450917817242, 43.828984662704322 ], [ -78.980807945075483, 43.833894877413357 ], [ -78.970753601570124, 43.841549663090142 ], [ -78.961630183093504, 43.846617276155058 ], [ -78.939787762775822, 43.854638332451238 ], [ -78.928254426271124, 43.857148092433413 ], [ -78.884193708144508, 43.858607982550005 ], [ -78.841614421827074, 43.860536748012215 ], [ -78.8231955561821, 43.868868474608 ], [ -78.819773975940464, 43.869695841494952 ], [ -78.741664243792869, 43.871717279986157 ], [ -78.7224346540944, 43.870644874370463 ], [ -78.712211315300152, 43.871396449037427 ], [ -78.700691953477914, 43.875588159235946 ], [ -78.682063449810556, 43.88399920823317 ], [ -78.66801262896098, 43.888048410305359 ], [ -78.637107872991876, 43.895090280657769 ], [ -78.609784710931649, 43.899622113900406 ], [ -78.59083965552243, 43.901496614853045 ], [ -78.57485477476321, 43.899910157622273 ], [ -78.564681896946823, 43.899862860285232 ], [ -78.517223255243138, 43.900141535805886 ], [ -78.498551299929517, 43.900844947655649 ], [ -78.476485276599519, 43.90472299127574 ], [ -78.417490307563696, 43.918008013337065 ], [ -78.378643417531507, 43.928430902100096 ], [ -78.323096334486536, 43.942168920713542 ], [ -78.26599081323333, 43.951686022256638 ], [ -78.246345733539741, 43.956492505597026 ], [ -78.238141505218067, 43.957452100049053 ], [ -78.200299072563965, 43.959771333549241 ], [ -78.184833368958039, 43.960143985700093 ], [ -78.176038130020459, 43.959172189579782 ], [ -78.142802204382619, 43.960216423755206 ], [ -78.099831192739245, 43.966497564617676 ], [ -78.045577735950729, 43.970940669739228 ], [ -78.028999040255357, 43.970963224064583 ], [ -77.987556713585576, 43.972326322334432 ], [ -77.942812014633844, 43.974667010819942 ], [ -77.922576933400137, 43.976152683982299 ], [ -77.898407704952007, 43.983107930146744 ], [ -77.871928673879907, 43.98367344329835 ], [ -77.863750750218713, 43.986565509577353 ], [ -77.852737572818342, 43.994454737822011 ], [ -77.830400493701916, 44.002219201013055 ], [ -77.817391295901004, 44.005146864763319 ], [ -77.768540124420127, 44.008716592341756 ], [ -77.744583644086049, 44.007172448955124 ], [ -77.736566266966506, 44.003345860084671 ], [ -77.727081677534031, 43.995722057002915 ], [ -77.71568981026445, 43.990709930332557 ], [ -77.708723244179453, 43.990044803072685 ], [ -77.681433560311518, 43.992773454501645 ], [ -77.677814839316909, 43.994491376889897 ], [ -77.674603280452601, 44.000583219734587 ], [ -77.675133954322988, 44.002993168026961 ], [ -77.678952992289439, 44.006235428007109 ], [ -77.686278067967791, 44.007753537603953 ], [ -77.687312288890155, 44.007573552665683 ], [ -77.692638186311086, 44.006646509696182 ], [ -77.705612640710683, 44.00117664033894 ], [ -77.709475504946766, 44.000740458926366 ], [ -77.713145889924633, 44.001730221197718 ], [ -77.732137020476159, 44.013409076371559 ], [ -77.732543203674354, 44.017058230524171 ], [ -77.730554457897227, 44.01943327722239 ], [ -77.709844293805119, 44.032450283540257 ], [ -77.701241184426067, 44.035349990494211 ], [ -77.695644087486855, 44.034926232198245 ], [ -77.692016207528908, 44.032296660673786 ], [ -77.691371418565822, 44.029562713024177 ], [ -77.692187168323457, 44.02639904205877 ], [ -77.69095865603785, 44.023964278096898 ], [ -77.68420820320874, 44.01927029220181 ], [ -77.677853042088998, 44.018438361669226 ], [ -77.635345881436663, 44.025565265211505 ], [ -77.629665446331899, 44.02792887373289 ], [ -77.622491742411242, 44.033475806523263 ], [ -77.619859604542853, 44.034785445781452 ], [ -77.606670013957427, 44.038629769612839 ], [ -77.602749591653676, 44.038580527085252 ], [ -77.599375069968815, 44.037153727294921 ], [ -77.586266169183304, 44.028353851617346 ], [ -77.584963008176416, 44.025735668679481 ], [ -77.585596940926379, 44.023125623245342 ], [ -77.585178772390975, 44.020084168616684 ], [ -77.583026250390049, 44.018156577705192 ], [ -77.562691554186884, 44.009262351434892 ], [ -77.559283963377453, 44.009214603838721 ], [ -77.55011497317382, 44.01189479587601 ], [ -77.545756381771497, 44.011326784345492 ], [ -77.528672062780856, 44.003760430191726 ], [ -77.523486276934591, 43.999511988906988 ], [ -77.522906441749598, 43.996459432217286 ], [ -77.523473601402117, 43.994180368244393 ], [ -77.525469945888091, 43.991809440309325 ], [ -77.528884354605012, 43.990470660840273 ], [ -77.550767078001172, 43.988131139378311 ], [ -77.554252510891985, 43.988480328980927 ], [ -77.563627831354538, 43.990674949070879 ], [ -77.573655159243998, 43.992267655145696 ], [ -77.578014617520338, 43.990538602383005 ], [ -77.578457553668997, 43.987543531945441 ], [ -77.575223256249046, 43.982803312524226 ], [ -77.56972402939482, 43.978598678974258 ], [ -77.505809955609877, 43.95151950648934 ], [ -77.49599061659687, 43.930612206823675 ], [ -77.491893699293627, 43.927742641768781 ], [ -77.412515550886084, 43.938676452066908 ], [ -77.337836019685241, 43.956978710687999 ], [ -77.308318095599716, 43.960402865547593 ], [ -77.298705402211468, 43.960868571382001 ], [ -77.251449152418843, 43.956080849663969 ], [ -77.248542398737129, 43.953039108640503 ], [ -77.246700831608905, 43.945742129030606 ], [ -77.247244844906675, 43.943330144369817 ], [ -77.249260787536087, 43.940253048674371 ], [ -77.262902297298027, 43.926694340277997 ], [ -77.26757541608184, 43.923262966512155 ], [ -77.272131079908746, 43.922368905963211 ], [ -77.281271875846954, 43.922690890421151 ], [ -77.285929430992013, 43.924308661122126 ], [ -77.297432560432156, 43.93299677826915 ], [ -77.300484060921207, 43.934325003404339 ], [ -77.304100622985516, 43.933808594921388 ], [ -77.306425203549423, 43.93089256528593 ], [ -77.305476551966862, 43.928714354835932 ], [ -77.279320208656642, 43.899863384621696 ], [ -77.274263431384867, 43.896934394536395 ], [ -77.269964546460784, 43.896632838289534 ], [ -77.253788166570715, 43.902959463352374 ], [ -77.244773937196982, 43.903471688835786 ], [ -77.235592238354087, 43.902234657918811 ], [ -77.227046200885894, 43.899635082157502 ], [ -77.221004313743407, 43.896401921372345 ], [ -77.215096646606469, 43.892043383549776 ], [ -77.21381113703184, 43.889421636283672 ], [ -77.214505914574474, 43.885593568511936 ], [ -77.220660157651764, 43.87848559967707 ], [ -77.229762936374101, 43.871743806297708 ], [ -77.233043072021403, 43.865995312667152 ], [ -77.23146976884766, 43.863970899791404 ], [ -77.22770798249617, 43.863037792515257 ], [ -77.200940207618544, 43.862005607845958 ], [ -77.194249626802105, 43.863420466473357 ], [ -77.186619465173663, 43.866747248403158 ], [ -77.180942682023186, 43.867680513128114 ], [ -77.170210102484305, 43.866660308623487 ], [ -77.16833247449712, 43.865991302519291 ], [ -77.166602928193299, 43.865375020090021 ], [ -77.163703387903084, 43.862331560129128 ], [ -77.160739418618277, 43.851849683486741 ], [ -77.156442230420538, 43.847078194845523 ], [ -77.15254661575878, 43.845758623406013 ], [ -77.126860452044909, 43.8522322638985 ], [ -77.064859114923948, 43.881351664173629 ], [ -77.040618654692182, 43.894541530647274 ], [ -77.036755923039436, 43.894954298082801 ], [ -77.033192077355693, 43.89420836343227 ], [ -77.020349532001063, 43.895234327998359 ], [ -76.973812091159672, 43.905789355906094 ], [ -76.936992251598056, 43.918336450910559 ], [ -76.923579565048271, 43.925867412262093 ], [ -76.920639775369551, 43.926885840974151 ], [ -76.876260163297388, 43.935312658706536 ], [ -76.85166838006711, 43.935565922368006 ], [ -76.847604128461882, 43.936681380119623 ], [ -76.845840226232298, 43.939165897649332 ], [ -76.846265259053112, 43.948917743043182 ], [ -76.848384108297438, 43.950832039367533 ], [ -76.853832031778722, 43.952252606736479 ], [ -76.865676307503776, 43.951430109196018 ], [ -76.905971414366121, 43.937953835755387 ], [ -76.927084976430663, 43.935402456215385 ], [ -76.9319515539664, 43.935915379510121 ], [ -76.935306763999492, 43.937361572141434 ], [ -76.968562357140584, 43.942839618054258 ], [ -76.990084102290311, 43.943008990863326 ], [ -76.99392955796894, 43.943559224795351 ], [ -76.996883757674681, 43.945391188988395 ], [ -76.999116988681394, 43.94815261319976 ], [ -77.003511913816894, 43.949311881530427 ], [ -77.009811279359099, 43.94586689927219 ], [ -77.016469716248181, 43.937268434770097 ], [ -77.022401370184937, 43.927511172162561 ], [ -77.024968214503517, 43.925436803458467 ], [ -77.029986128422422, 43.924579259740753 ], [ -77.033642942494168, 43.925590777961176 ], [ -77.03610803230066, 43.927754252241591 ], [ -77.037447019109877, 43.930316715274273 ], [ -77.037863750889315, 43.932706957240129 ], [ -77.033278129138012, 43.951612481046496 ], [ -77.030868715620983, 43.959516253843518 ], [ -77.015853485255931, 43.9744426312648 ], [ -76.982982838407338, 44.005530089994309 ], [ -76.966501970101092, 44.01823988899443 ], [ -76.963688410145224, 44.019600645907559 ], [ -76.951512101607989, 44.022946032355634 ], [ -76.934051667579638, 44.026175908646806 ], [ -76.896883777537866, 44.041235173373039 ], [ -76.895000490130172, 44.043938012181869 ], [ -76.895876175399252, 44.049858963714087 ], [ -76.894188569923074, 44.058487924424099 ], [ -76.890392130412664, 44.065209983432112 ], [ -76.887812610918331, 44.067280414713963 ], [ -76.880085105578189, 44.070875964906385 ], [ -76.853390196237754, 44.085880378681928 ], [ -76.844443580322334, 44.099448772449364 ], [ -76.840639826641663, 44.110264571410347 ], [ -76.84161869048117, 44.113247133721032 ], [ -76.845988483584634, 44.11458042601673 ], [ -76.851333221103886, 44.114115289931668 ], [ -76.853113506428187, 44.113960296283992 ], [ -76.891141443836645, 44.094625585332501 ], [ -76.930113876078252, 44.066696251630354 ], [ -76.939240331252691, 44.058730317254117 ], [ -76.95117808610469, 44.054514290140069 ], [ -76.974665978786646, 44.047710175827625 ], [ -77.007633781924667, 44.039485153093395 ], [ -77.010960117999176, 44.039449984679621 ], [ -77.064460002799223, 44.047294035447059 ], [ -77.097574541308532, 44.042711777545961 ], [ -77.10571407123976, 44.038832408796083 ], [ -77.110740680774342, 44.037971636404833 ], [ -77.114404938455863, 44.038980828904975 ], [ -77.116876363226197, 44.041142825215168 ], [ -77.117494470264219, 44.043878845318311 ], [ -77.115352854329132, 44.052408367234236 ], [ -77.109969653430213, 44.062543127426039 ], [ -77.10457117763346, 44.069101510459411 ], [ -77.088871297948259, 44.079543242107505 ], [ -77.085480458671242, 44.085161229544156 ], [ -77.080156908566522, 44.0964629326322 ], [ -77.078922743314408, 44.110909320098777 ], [ -77.070852861305511, 44.120257459970524 ], [ -77.065511492173727, 44.134529577060086 ], [ -77.065230464441925, 44.146337018800487 ], [ -77.060666809896645, 44.154881617674768 ], [ -77.054168479329121, 44.16240316815172 ], [ -77.055754271406855, 44.166494119921921 ], [ -77.06426590192693, 44.171830256376992 ], [ -77.080831557863689, 44.170489924177716 ], [ -77.10884591107957, 44.162619053801073 ], [ -77.134714883578255, 44.155617332455854 ], [ -77.165473995822495, 44.150157835838478 ], [ -77.176106844499273, 44.145982658800023 ], [ -77.203124839057367, 44.123958000589049 ], [ -77.201550854987076, 44.137639793037792 ], [ -77.202631005468987, 44.138109960981119 ], [ -77.204480633251023, 44.13891502888584 ], [ -77.241561453848561, 44.134421848799917 ], [ -77.255105071724529, 44.131522228838136 ], [ -77.265313160617097, 44.126857622923367 ], [ -77.287781980642521, 44.113795506552378 ], [ -77.29602174479399, 44.10523785952396 ], [ -77.295311482492522, 44.099283362300049 ], [ -77.292735565909467, 44.097662655661786 ], [ -77.283378214335343, 44.095654344824887 ], [ -77.252587006871536, 44.099450339981324 ], [ -77.234702481849908, 44.103078424158085 ], [ -77.243825518476385, 44.097012101029712 ], [ -77.251893729998031, 44.094528652222785 ], [ -77.273807711269441, 44.088447362221935 ], [ -77.312540918580709, 44.080684220028061 ], [ -77.332649729302204, 44.087487256124504 ], [ -77.337245482877904, 44.09018574884599 ], [ -77.336880378173333, 44.095511033159383 ], [ -77.332534404592906, 44.096835203954711 ], [ -77.3188573346048, 44.105504119119018 ], [ -77.317559245284016, 44.115918478678118 ], [ -77.31866114211681, 44.118243077731343 ], [ -77.321863579602876, 44.118911645467918 ], [ -77.324182180261687, 44.119395631972111 ], [ -77.329700355535323, 44.117630052691055 ], [ -77.335347622345353, 44.117494550543697 ], [ -77.336134280252551, 44.120649519560871 ], [ -77.32798236012863, 44.125474482895413 ], [ -77.305821640182344, 44.135932515998327 ], [ -77.300997601074528, 44.140277448467096 ], [ -77.301757576358696, 44.143824896058291 ], [ -77.311231821290377, 44.147477991999686 ], [ -77.315018240602015, 44.147894161977639 ], [ -77.318103114252139, 44.147112451714619 ], [ -77.322376482892921, 44.144607078332491 ], [ -77.333951361777636, 44.140785907642559 ], [ -77.363503760796917, 44.139584335199551 ], [ -77.372184697732081, 44.140730885508468 ], [ -77.376846241305728, 44.144502203776838 ], [ -77.379806566523996, 44.144623207973872 ], [ -77.383336459045154, 44.144767389892849 ], [ -77.396967046300404, 44.136384169246398 ], [ -77.420700804211791, 44.125283224819391 ], [ -77.470570469229514, 44.109484963907008 ], [ -77.485042621166286, 44.108245025364667 ], [ -77.492592819449825, 44.105523963272837 ], [ -77.521980033907312, 44.087482935071776 ], [ -77.572251936382486, 44.060871769723192 ], [ -77.57762621050783, 44.059666889527612 ], [ -77.585433051098761, 44.063097095086086 ], [ -77.58748104758682, 44.065767891430468 ], [ -77.582405114540862, 44.069759374383899 ], [ -77.571916626552849, 44.081631700544705 ], [ -77.567610523124188, 44.099580965343307 ], [ -77.557120239190837, 44.102111667865692 ], [ -77.542140982520579, 44.103959403020305 ], [ -77.521293426243275, 44.107965483824636 ], [ -77.430456936921814, 44.134816884619084 ], [ -77.410305178698451, 44.144379474564388 ], [ -77.37106425751864, 44.157570382312038 ], [ -77.34131558861948, 44.166609988749549 ], [ -77.329420909601708, 44.168248946038197 ], [ -77.315032910548652, 44.169056295132286 ], [ -77.312893021770634, 44.165918269687637 ], [ -77.313629395434546, 44.161534501902956 ], [ -77.311710404941152, 44.159070608965777 ], [ -77.308511502808543, 44.158180254238196 ], [ -77.298894914576749, 44.158126607555388 ], [ -77.28555369790449, 44.162871162917035 ], [ -77.277468720192743, 44.166681748292056 ], [ -77.261494159699353, 44.176397701157605 ], [ -77.251312163728372, 44.18025087824897 ], [ -77.238403964066407, 44.181879499655587 ], [ -77.209411936229728, 44.175293760573837 ], [ -77.211738652209732, 44.16724703261098 ], [ -77.209444668148393, 44.164297280887851 ], [ -77.206512143343289, 44.163021646048712 ], [ -77.191734291079484, 44.161774666367279 ], [ -77.149180265381418, 44.164138854764644 ], [ -77.087305224729477, 44.178611866026003 ], [ -77.047902942722942, 44.19306473528988 ], [ -77.032200995419515, 44.199567713590646 ], [ -77.024702769919159, 44.200599885462019 ], [ -76.985981754412762, 44.198287751874567 ], [ -76.991563433459604, 44.194984533553338 ], [ -77.003187846091564, 44.194584168515149 ], [ -77.012794706444652, 44.192405518468604 ], [ -77.034503110169865, 44.178985048792988 ], [ -77.038546523137583, 44.174888557069544 ], [ -77.041211303037983, 44.162678554411869 ], [ -77.046912305631707, 44.150482407424754 ], [ -77.054772427897291, 44.137418172033023 ], [ -77.05807149426235, 44.116642492215867 ], [ -77.054899052932484, 44.112175830103013 ], [ -77.050688606800037, 44.111836924120048 ], [ -77.032177517397244, 44.118259218636247 ], [ -77.019341083685248, 44.126380101844319 ], [ -77.0085008635034, 44.138226076944399 ], [ -76.995122070525994, 44.146100300855288 ], [ -76.982671522370481, 44.149149949730237 ], [ -76.967028905425323, 44.154666472439239 ], [ -76.960307825281461, 44.15754403409683 ], [ -76.958275619992307, 44.161180113450037 ], [ -76.961085837019155, 44.16966158560686 ], [ -76.941221517196766, 44.181954859968336 ], [ -76.933728256605477, 44.185307536662343 ], [ -76.924073970899656, 44.183688427315531 ], [ -76.891735313800652, 44.17209751480609 ], [ -76.889263230016596, 44.158950243513388 ], [ -76.901783631683344, 44.15225683651007 ], [ -76.914239582646445, 44.147466642639074 ], [ -76.918601479228272, 44.154067787687225 ], [ -76.924356624595646, 44.155092872206183 ], [ -76.949953423376002, 44.149904456507045 ], [ -76.994026333158629, 44.138512136644479 ], [ -77.003674116540736, 44.134254823794478 ], [ -77.008618295414891, 44.128967843537019 ], [ -77.011978158962265, 44.121758012719859 ], [ -77.014094147888031, 44.113309065443573 ], [ -77.019530972295527, 44.106819153464379 ], [ -77.027895562500518, 44.102906101717821 ], [ -77.053240154791226, 44.095873887601208 ], [ -77.068011462744451, 44.08672924997925 ], [ -77.071024162032117, 44.082272338324685 ], [ -77.066142662805362, 44.077441555203684 ], [ -77.06276156100634, 44.075657994869516 ], [ -77.059392345570814, 44.076022278095643 ], [ -77.053192916016769, 44.079660807081517 ], [ -77.047460222577541, 44.080828877267436 ], [ -77.04330998741986, 44.080800499988527 ], [ -77.031986924893147, 44.07727219423667 ], [ -77.029026032140195, 44.075440933996305 ], [ -77.027770992513638, 44.071886058790177 ], [ -77.030043796894589, 44.068612309277455 ], [ -77.033226852186942, 44.06733554303036 ], [ -77.044518369777066, 44.06510257987685 ], [ -77.041631423043341, 44.055096533975728 ], [ -77.021864440796321, 44.05734574965183 ], [ -76.983473905913215, 44.063821718307565 ], [ -76.96315548424279, 44.070709677859298 ], [ -76.960983970171512, 44.072539448974716 ], [ -76.958156824598376, 44.080962336369609 ], [ -76.911686299730391, 44.114223120367718 ], [ -76.89972134663283, 44.11921458453233 ], [ -76.882012959604992, 44.12475640141362 ], [ -76.842866674083268, 44.143457572481871 ], [ -76.802364130672188, 44.161309254589113 ], [ -76.78817603493998, 44.171764040843897 ], [ -76.777517675696373, 44.178192449670675 ], [ -76.733200529824742, 44.199801433164311 ], [ -76.703458104679825, 44.210087679664198 ], [ -76.697729971584621, 44.211652628099316 ], [ -76.692560362578789, 44.211225788008981 ], [ -76.689603813500369, 44.209385513299218 ], [ -76.687869270970495, 44.207183521861374 ], [ -76.684695331758959, 44.206283773299759 ], [ -76.641232523466542, 44.215570158286013 ], [ -76.598549152828895, 44.211867931271875 ], [ -76.588820901512833, 44.211823371943751 ], [ -76.565628002820631, 44.211713725142083 ], [ -76.549406204248996, 44.210344791234675 ], [ -76.520669270415652, 44.217008970760666 ], [ -76.499011783279187, 44.224093827501342 ], [ -76.468960512207587, 44.232818540561091 ], [ -76.435944699724928, 44.212330226705781 ] ] ] } },
{ "type": "Feature", "id": 0, "properties": { "lakeid": 1 }, "geometry": { "type": "Polygon", "coordinates": [ [ [ -88.253749762943244, 48.98571493175195 ], [ -88.248806753501981, 48.983958109675562 ], [ -88.246018818881765, 48.980680661446556 ], [ -88.243861476974871, 48.970969214065605 ], [ -88.242667925154947, 48.968308910930851 ], [ -88.234966241348417, 48.958928043880285 ], [ -88.227523983330912, 48.954005513948609 ], [ -88.223840310100499, 48.953525635737499 ], [ -88.218908273754749, 48.954495430419726 ], [ -88.189331714554896, 48.962831349541752 ], [ -88.164473030021128, 48.96052418009949 ], [ -88.146972077000797, 48.973112567087213 ], [ -88.12592187453636, 48.99301151214658 ], [ -88.115075640445852, 48.998356134971218 ], [ -88.110614829550585, 48.999436242706629 ], [ -88.092863208198892, 48.999947192803319 ], [ -88.0617416034206, 48.99530605260221 ], [ -88.027437618749161, 48.986144631937321 ], [ -88.02303793042303, 48.983831017444466 ], [ -88.018459851101895, 48.978484932623736 ], [ -88.01447028707129, 48.96935641985376 ], [ -88.007721881036161, 48.959931330712351 ], [ -88.001053411081486, 48.958147335230109 ], [ -87.994063683923429, 48.959414968781566 ], [ -87.989720898849384, 48.959289400196944 ], [ -87.986096786934354, 48.958307641709396 ], [ -87.972630044853702, 48.951682999407915 ], [ -87.94873737331271, 48.934191305570863 ], [ -87.939794971444982, 48.92919846451526 ], [ -87.930796838162721, 48.926015082280585 ], [ -87.922782300728073, 48.924995472700907 ], [ -87.896863102667979, 48.930527892353894 ], [ -87.882030737333707, 48.930163629361068 ], [ -87.874987902917184, 48.928604290293755 ], [ -87.856808077836774, 48.92165560025321 ], [ -87.851452515476439, 48.917832034129525 ], [ -87.831985185436963, 48.911980130525492 ], [ -87.80272158788415, 48.916993676924982 ], [ -87.78811936912463, 48.916676589302149 ], [ -87.777674909933793, 48.913119441125218 ], [ -87.774613781067004, 48.911189830234648 ], [ -87.773546992627288, 48.90757738080719 ], [ -87.776709808737635, 48.900677664480398 ], [ -87.775158832140235, 48.898434524603459 ], [ -87.77131423255527, 48.897099946071258 ], [ -87.764271752670723, 48.897346736066922 ], [ -87.73785925289161, 48.902677362770895 ], [ -87.729051242743523, 48.902081666184465 ], [ -87.679314122782742, 48.889270169798827 ], [ -87.66887371018413, 48.883750689543724 ], [ -87.660116435931727, 48.868403183427105 ], [ -87.655791168836814, 48.858079844929122 ], [ -87.650969079710507, 48.854025039260499 ], [ -87.646609993502949, 48.852139995738277 ], [ -87.641386007380973, 48.851898077675649 ], [ -87.625508002362011, 48.854970580382641 ], [ -87.609509088118585, 48.860223838063732 ], [ -87.602594194739851, 48.863675220132933 ], [ -87.586719609783046, 48.875121897350972 ], [ -87.583559485622203, 48.876537279810044 ], [ -87.574832991578091, 48.878081888241205 ], [ -87.570602148794379, 48.878079494244247 ], [ -87.560204959270763, 48.876169814379175 ], [ -87.55589354561026, 48.874332447204743 ], [ -87.553929769937639, 48.872380273701104 ], [ -87.552862385856997, 48.868836919696768 ], [ -87.555485542315836, 48.857305473794163 ], [ -87.555766343177496, 48.849950310863164 ], [ -87.552534661840667, 48.826571707895013 ], [ -87.549623920775701, 48.823356461677569 ], [ -87.54146585166761, 48.821524072747053 ], [ -87.535666740307036, 48.823342366768649 ], [ -87.520485090563042, 48.829935420460778 ], [ -87.510210560633411, 48.831506221132905 ], [ -87.464968532240206, 48.836270007834294 ], [ -87.450594346633125, 48.836018840640435 ], [ -87.440070899383031, 48.835833868315284 ], [ -87.430942971831911, 48.83467030572227 ], [ -87.420299892350116, 48.83203305550132 ], [ -87.414423970016244, 48.829196394301718 ], [ -87.409467106087007, 48.825410795130033 ], [ -87.398223084365497, 48.811173646995719 ], [ -87.391745916427183, 48.804445320077171 ], [ -87.363761590590826, 48.794232140841601 ], [ -87.347645212785508, 48.789824349675996 ], [ -87.340992078398401, 48.78878869020857 ], [ -87.331527322487204, 48.790316725879308 ], [ -87.315504055789859, 48.795980938367371 ], [ -87.310607512323088, 48.795769449013726 ], [ -87.288141229415587, 48.789885170966443 ], [ -87.28528302622513, 48.786760574283868 ], [ -87.284434267855914, 48.783473199879843 ], [ -87.286667184332259, 48.779723626562685 ], [ -87.299928051054479, 48.77045531214948 ], [ -87.301233301989484, 48.767006835211895 ], [ -87.29810061977939, 48.76442901323562 ], [ -87.275357438470351, 48.755646349761619 ], [ -87.269442639654713, 48.754274577308095 ], [ -87.261051329736574, 48.75909966403777 ], [ -87.256958078815757, 48.759857836100515 ], [ -87.25244572123357, 48.759126213913966 ], [ -87.240807877453534, 48.753330601737233 ], [ -87.227696456014826, 48.752673154434838 ], [ -87.212161188610338, 48.752552604447288 ], [ -87.207289970764862, 48.753625176063721 ], [ -87.182635092336824, 48.765687887041125 ], [ -87.182731280206568, 48.77720203159047 ], [ -87.179428676759954, 48.779942606209758 ], [ -87.174843075906196, 48.780900341904612 ], [ -87.169114337945814, 48.780547558479157 ], [ -87.166739368509255, 48.779484163320305 ], [ -87.165611674283426, 48.778979206773826 ], [ -87.163782925705988, 48.77646992976878 ], [ -87.162675210680078, 48.77012517419584 ], [ -87.159785041983483, 48.767766711099981 ], [ -87.128604196760676, 48.763655705908114 ], [ -87.120455643161947, 48.76475467484368 ], [ -87.075851709619229, 48.770759480741084 ], [ -87.057005418135276, 48.776887588766435 ], [ -87.030463406009346, 48.782653031046245 ], [ -87.024845905354084, 48.782693107739313 ], [ -87.020518694897149, 48.780358216389722 ], [ -87.019391408463406, 48.777675779760088 ], [ -87.020047892401763, 48.773089962081954 ], [ -87.018787506196261, 48.769823091095049 ], [ -87.014513441604748, 48.767448190349697 ], [ -87.008976809744013, 48.767790917421195 ], [ -87.003679714301882, 48.770551527551945 ], [ -86.998166890074913, 48.783678580434383 ], [ -86.999745429790309, 48.786640652050203 ], [ -87.004111148627231, 48.787824062638293 ], [ -87.00807660566187, 48.790069685001257 ], [ -87.009203431860456, 48.792752373247758 ], [ -87.008551363251314, 48.798028311793672 ], [ -87.005350509813979, 48.802749204802211 ], [ -87.000500900298732, 48.804623104748728 ], [ -86.981119039549711, 48.804912186400898 ], [ -86.972284429103595, 48.797187586420144 ], [ -86.972147544644542, 48.790855262166858 ], [ -86.954549543183035, 48.775839766231002 ], [ -86.947737478724903, 48.770466710463005 ], [ -86.936514645570469, 48.766931095261924 ], [ -86.911289243988605, 48.763895018461106 ], [ -86.893619744388005, 48.759964879624853 ], [ -86.890133642936306, 48.757554063606356 ], [ -86.889013180745835, 48.754855205336568 ], [ -86.888970793419631, 48.751211600460955 ], [ -86.886538866146111, 48.748948508833742 ], [ -86.866639863262023, 48.74380126373191 ], [ -86.857096949440106, 48.742990159465393 ], [ -86.849290763968185, 48.743656448347295 ], [ -86.831266923393727, 48.748260652121438 ], [ -86.807382823182238, 48.758106800084938 ], [ -86.804293980453849, 48.760978792977383 ], [ -86.801186023738993, 48.765947470959048 ], [ -86.784599670805193, 48.775999075180586 ], [ -86.780752986078653, 48.777195504996882 ], [ -86.774488028735078, 48.777059994420952 ], [ -86.768938562011755, 48.775851794275205 ], [ -86.764411727555498, 48.775632630303903 ], [ -86.740342454538208, 48.782778060588477 ], [ -86.736022327832359, 48.784753492918156 ], [ -86.725548349657487, 48.790910550100079 ], [ -86.722526411683603, 48.797126946914574 ], [ -86.719049042684304, 48.79874027532874 ], [ -86.702451291663294, 48.802305939503171 ], [ -86.696830547001198, 48.802330567119199 ], [ -86.693340420558371, 48.800748582379789 ], [ -86.685211951990794, 48.794848182419528 ], [ -86.682802464033259, 48.791235316600826 ], [ -86.680244294366759, 48.789465233735456 ], [ -86.660923590079008, 48.788661127465915 ], [ -86.622553692411429, 48.7843813603615 ], [ -86.618511865339158, 48.782355781949867 ], [ -86.616595159895397, 48.779194214009586 ], [ -86.615354853865881, 48.764482962861969 ], [ -86.615757971702124, 48.756609607414532 ], [ -86.617145111626627, 48.754423434594578 ], [ -86.625911345022658, 48.746722650679168 ], [ -86.621377776184261, 48.7354339112105 ], [ -86.563048997762124, 48.728444863867473 ], [ -86.537184838129647, 48.730043110394753 ], [ -86.522605125680741, 48.748196335876329 ], [ -86.493286235576946, 48.765427342820537 ], [ -86.489179998481461, 48.766158817929878 ], [ -86.435660124471966, 48.768405753788549 ], [ -86.431808771280203, 48.767237700299461 ], [ -86.400984839485147, 48.746117299362609 ], [ -86.395623948404918, 48.74190989819499 ], [ -86.387811954147011, 48.732135151894973 ], [ -86.385576405361235, 48.726709368821233 ], [ -86.386550004274, 48.722486348189776 ], [ -86.388287497313442, 48.720220054505319 ], [ -86.392591781035506, 48.717846971524416 ], [ -86.402691128210094, 48.716445225014333 ], [ -86.405313009548962, 48.714718008277707 ], [ -86.405694816392298, 48.712357175153741 ], [ -86.402852389972281, 48.70950923100235 ], [ -86.387902874016419, 48.704194324380353 ], [ -86.380256730188577, 48.697388276225219 ], [ -86.37494409742429, 48.683749112937988 ], [ -86.348067849253411, 48.645996147672165 ], [ -86.341402930751528, 48.644577561681217 ], [ -86.333050293168597, 48.645350293018851 ], [ -86.328826338836578, 48.645113590020223 ], [ -86.324540402185931, 48.642754754387774 ], [ -86.323451263980772, 48.640066905600236 ], [ -86.32508616779046, 48.62711110898497 ], [ -86.32688521422115, 48.624585285456909 ], [ -86.331619950052556, 48.622511304649926 ], [ -86.333112143460582, 48.62037833476775 ], [ -86.332202884096759, 48.61795897318504 ], [ -86.318677540336537, 48.606987674680205 ], [ -86.311463652501558, 48.604591458237742 ], [ -86.301530625153106, 48.599075264664833 ], [ -86.279325798401999, 48.586737364116011 ], [ -86.265704509760312, 48.575715582252947 ], [ -86.265346584175688, 48.57294259738876 ], [ -86.267146490483682, 48.570417755155837 ], [ -86.267148532647198, 48.562286953540706 ], [ -86.266714987694087, 48.557013578111778 ], [ -86.266146754068913, 48.550113252668659 ], [ -86.258471849387149, 48.514922606508691 ], [ -86.246047830326944, 48.480748389306811 ], [ -86.239255381036259, 48.468428343394862 ], [ -86.229275627385135, 48.452085420540591 ], [ -86.220572165464773, 48.428510684651911 ], [ -86.220952462664172, 48.425737265677611 ], [ -86.223384658719567, 48.42345516412994 ], [ -86.20786248563229, 48.399803407722466 ], [ -86.185916850571374, 48.382363138110428 ], [ -86.185729538399087, 48.341405667771802 ], [ -86.182551654517027, 48.333159623247873 ], [ -86.161691238751175, 48.298048647227731 ], [ -86.151314227042349, 48.283999578781327 ], [ -86.136425728681502, 48.271201992181155 ], [ -86.132836292442803, 48.267497311666688 ], [ -86.131892026681982, 48.263874650015985 ], [ -86.136399291556458, 48.254200697804933 ], [ -86.141444696328804, 48.247261770089423 ], [ -86.140083939301832, 48.242642164739372 ], [ -86.126299885288191, 48.227316707527777 ], [ -86.117843003980695, 48.222540682284048 ], [ -86.105139776765299, 48.213083212539253 ], [ -86.101758752646475, 48.208961230214548 ], [ -86.099801513934466, 48.189245169912468 ], [ -86.079803648596922, 48.160971622371477 ], [ -86.048520382942868, 48.13319512771502 ], [ -86.020344990207406, 48.101572224195031 ], [ -86.019234690727174, 48.089065333865932 ], [ -86.022745469320242, 48.080538505405933 ], [ -86.021333748263828, 48.077718234183813 ], [ -86.010795641073315, 48.073515649168996 ], [ -85.999194455327824, 48.073070177892099 ], [ -85.990314266066036, 48.071695794598305 ], [ -85.964712308706495, 48.062645058592643 ], [ -85.937337828142915, 48.04654749864963 ], [ -85.906384220597815, 48.021483798277451 ], [ -85.888691696111792, 47.995249903479341 ], [ -85.87478377160275, 47.986799502886214 ], [ -85.864107942616528, 47.980309403218001 ], [ -85.839241961899148, 47.967914425066212 ], [ -85.796683822259013, 47.951494736952277 ], [ -85.758199161916139, 47.940003596887983 ], [ -85.741116748465117, 47.932787659366788 ], [ -85.696084651801286, 47.932622358507537 ], [ -85.690681934869033, 47.931160539617423 ], [ -85.585811124720081, 47.918809919967202 ], [ -85.532797267550421, 47.918399873635167 ], [ -85.495703527681812, 47.922681152676638 ], [ -85.490068567481373, 47.922248759990779 ], [ -85.476374364969416, 47.917629810589787 ], [ -85.460545335992208, 47.917060976837469 ], [ -85.420541437580084, 47.919323587139232 ], [ -85.397623748679337, 47.923792739563382 ], [ -85.381930724370548, 47.928770484887991 ], [ -85.344164837285803, 47.943369712110339 ], [ -85.323005524588069, 47.948755314604533 ], [ -85.283600568190579, 47.95619810394016 ], [ -85.277049882361339, 47.95658447915828 ], [ -85.25566047338036, 47.954976379602911 ], [ -85.209459608898968, 47.95676840640914 ], [ -85.158858449188443, 47.959128596766121 ], [ -85.128826618065759, 47.958759618275614 ], [ -85.068152808048723, 47.960095209948953 ], [ -85.032227919647227, 47.959812485035464 ], [ -84.970751495726162, 47.956745610959807 ], [ -84.960887309092428, 47.9597694035063 ], [ -84.890928747238775, 47.957023822807493 ], [ -84.863001529760638, 47.953460928497506 ], [ -84.851689658997159, 47.949715762029356 ], [ -84.846851944438527, 47.945458738487545 ], [ -84.839688601566891, 47.931783570089635 ], [ -84.831310272195935, 47.915518928389773 ], [ -84.832191585788422, 47.911438455964614 ], [ -84.83668158826022, 47.906051142369492 ], [ -84.851741256482924, 47.895243982649085 ], [ -84.872485966099376, 47.885616156297282 ], [ -84.883878776547903, 47.876606325590863 ], [ -84.9032930713865, 47.858158920100117 ], [ -84.926366977936993, 47.846415022655329 ], [ -84.929382661267923, 47.845060122039968 ], [ -84.940355481361649, 47.8280851937714 ], [ -84.940565642354429, 47.821717340311693 ], [ -84.938438023779923, 47.816564497800343 ], [ -84.913411396428401, 47.795606715633689 ], [ -84.910231596592894, 47.794468838413408 ], [ -84.902997606758518, 47.778772984198859 ], [ -84.921152945773969, 47.753259018724812 ], [ -84.94547241434563, 47.729452079072885 ], [ -84.950384888039579, 47.727417615457803 ], [ -84.956837431438444, 47.726494513729904 ], [ -84.962671652706121, 47.727306743684956 ], [ -84.972102103997699, 47.73027010765437 ], [ -84.976492687344518, 47.729826135502407 ], [ -85.002494019738236, 47.707069401093712 ], [ -85.001157966902184, 47.702014738779148 ], [ -84.985367017291225, 47.693847913307486 ], [ -84.974851983453419, 47.685862904810776 ], [ -84.972363778477558, 47.680088451442437 ], [ -84.97370882088039, 47.668032747244602 ], [ -84.982961713425937, 47.658427820532218 ], [ -84.995377921405947, 47.649389826588504 ], [ -85.005623762462449, 47.643319377445621 ], [ -85.009973318186354, 47.639740820695096 ], [ -85.012582279872234, 47.636381605707314 ], [ -85.02972855509546, 47.601509766211514 ], [ -85.02608432382047, 47.593477017929303 ], [ -85.014527672254914, 47.585843972802898 ], [ -85.010659879807477, 47.58477166166098 ], [ -84.999342609356006, 47.582676357372904 ], [ -84.993497647435177, 47.576959586696617 ], [ -84.972565350249752, 47.564736578202471 ], [ -84.966544405123855, 47.564618146507364 ], [ -84.962420466937331, 47.565942550226524 ], [ -84.958284955224883, 47.565659796120528 ], [ -84.95492238967195, 47.564031642186137 ], [ -84.950487402371763, 47.560015704021829 ], [ -84.94904787841071, 47.557765850166447 ], [ -84.947429320542938, 47.549887260983489 ], [ -84.948946747594889, 47.543433271280229 ], [ -84.94891662108121, 47.534796294455333 ], [ -84.946971672985157, 47.531742601164865 ], [ -84.943111913470361, 47.529035546414946 ], [ -84.919783285361973, 47.517581848572831 ], [ -84.900957083974959, 47.512177488880603 ], [ -84.875997686938248, 47.50133913427603 ], [ -84.858127886232893, 47.490627800242329 ], [ -84.814156034913537, 47.47723148969984 ], [ -84.790440105321593, 47.472416930550075 ], [ -84.786484444236891, 47.470345555290422 ], [ -84.748007066520515, 47.43946949839696 ], [ -84.712027936863748, 47.413375370461573 ], [ -84.702342162085728, 47.402376762366004 ], [ -84.701349351901328, 47.399678108656275 ], [ -84.702735456489663, 47.387992025850203 ], [ -84.702242916527624, 47.382468332151262 ], [ -84.698232672937692, 47.37301688981487 ], [ -84.692835554241938, 47.367963737877552 ], [ -84.685582741773146, 47.362246396699604 ], [ -84.678953010906113, 47.36035372913247 ], [ -84.674100076266186, 47.361179678697013 ], [ -84.667396394809472, 47.364652370010077 ], [ -84.663229744732035, 47.365758485084356 ], [ -84.658744419902703, 47.366006553177378 ], [ -84.653639617675708, 47.364687013570581 ], [ -84.625508907414414, 47.347706000231817 ], [ -84.619365450922771, 47.343213136088039 ], [ -84.608075353596647, 47.322841393943733 ], [ -84.604129787513656, 47.315352749693496 ], [ -84.592247972546204, 47.305436514619245 ], [ -84.588752192477614, 47.302563788706948 ], [ -84.588122135000958, 47.299202818552125 ], [ -84.591743911297343, 47.283593705795425 ], [ -84.60587498179126, 47.2727027776738 ], [ -84.63692313659314, 47.254667074369266 ], [ -84.646222498871424, 47.247509195163417 ], [ -84.653509098503278, 47.238997679065562 ], [ -84.661041156386631, 47.223506176991357 ], [ -84.662287694580854, 47.220940532475673 ], [ -84.703014674127431, 47.161075300772936 ], [ -84.713664249006058, 47.15426152132828 ], [ -84.738160937143633, 47.143698900058759 ], [ -84.738725869066684, 47.140849638626577 ], [ -84.737159242364555, 47.137450114194969 ], [ -84.72778691930921, 47.132223787847266 ], [ -84.713546747162241, 47.109289065073845 ], [ -84.714349321621782, 47.105978291992436 ], [ -84.716072238598031, 47.103739227052777 ], [ -84.73693079611877, 47.079426603051431 ], [ -84.750161189388166, 47.067001588167969 ], [ -84.766498166433948, 47.057960307676098 ], [ -84.774232946772273, 47.052364321308076 ], [ -84.782187627766717, 47.038422792108783 ], [ -84.78697702138308, 47.008515517260257 ], [ -84.793754755303354, 46.998684972035868 ], [ -84.792634893528032, 46.992905027072588 ], [ -84.786722520667439, 46.980356677389196 ], [ -84.782318568831158, 46.976638692027755 ], [ -84.746193151439485, 46.959025360719686 ], [ -84.738182696381145, 46.956432423176274 ], [ -84.72529451345099, 46.954337685438176 ], [ -84.718737272526724, 46.955216125853227 ], [ -84.709554095049214, 46.963416898615591 ], [ -84.706143028487801, 46.964972610665889 ], [ -84.700710898026031, 46.964908721110149 ], [ -84.680489766201745, 46.959479120176688 ], [ -84.673228399244877, 46.95684787480522 ], [ -84.666175559632691, 46.953191435553421 ], [ -84.662469357799921, 46.950025851319523 ], [ -84.659680270030435, 46.942310437480742 ], [ -84.655294871284738, 46.91466385401197 ], [ -84.63233323816614, 46.895915728322414 ], [ -84.627258649422274, 46.892986559784958 ], [ -84.621938673057215, 46.891182714689407 ], [ -84.602424314873161, 46.894540233054435 ], [ -84.598828085862891, 46.897052784627377 ], [ -84.59851385426461, 46.902378888173395 ], [ -84.606209059714701, 46.91122613351709 ], [ -84.608047995986169, 46.922587932255652 ], [ -84.607560761182611, 46.925108482400987 ], [ -84.605011500645205, 46.928272657916963 ], [ -84.601524260893584, 46.930680819059418 ], [ -84.586038185815696, 46.938150009137892 ], [ -84.581075613536996, 46.93944420467615 ], [ -84.577203610407977, 46.939662113102791 ], [ -84.550463749871128, 46.936659044986435 ], [ -84.538452447569796, 46.93381086522912 ], [ -84.535220752939452, 46.932240936265309 ], [ -84.527967408669909, 46.926345956729975 ], [ -84.521804941295969, 46.923765400107378 ], [ -84.516565903601744, 46.924313523611715 ], [ -84.511652471303435, 46.925792738472886 ], [ -84.49170256740382, 46.933896087628376 ], [ -84.481918239699951, 46.934912961381478 ], [ -84.462664795992978, 46.934615328788588 ], [ -84.436700365948951, 46.929874665356159 ], [ -84.393348655163408, 46.905831824697614 ], [ -84.360045802800073, 46.885127039104852 ], [ -84.350654608372452, 46.878670862397087 ], [ -84.349683813940587, 46.875970186848498 ], [ -84.35052478613413, 46.873397007052503 ], [ -84.378632570434036, 46.838833599948636 ], [ -84.397901940840242, 46.829500404489785 ], [ -84.402580090111513, 46.821313275603465 ], [ -84.405005997470724, 46.81906937752548 ], [ -84.410136470513237, 46.817885398944277 ], [ -84.414074106540795, 46.818660922646458 ], [ -84.418467914702802, 46.821480469207401 ], [ -84.429317792712339, 46.832945518253013 ], [ -84.442602701854156, 46.841176302640754 ], [ -84.448424113752296, 46.843114383908159 ], [ -84.457118942127948, 46.843110138061654 ], [ -84.470428712244114, 46.842641991430796 ], [ -84.477787518898168, 46.841559616495836 ], [ -84.483804097612008, 46.838402884468827 ], [ -84.492261244873646, 46.827514078720334 ], [ -84.497455044038745, 46.823542153185841 ], [ -84.505301639649048, 46.821184744862947 ], [ -84.510617914815938, 46.82189390387385 ], [ -84.514047749421763, 46.823402321225473 ], [ -84.521520301245204, 46.825230698873419 ], [ -84.53097472658726, 46.824813506816014 ], [ -84.543278487863972, 46.820996265720481 ], [ -84.55017281495256, 46.815097366759872 ], [ -84.548809746004409, 46.811212324788691 ], [ -84.537786872605992, 46.804928951988906 ], [ -84.535505001254307, 46.802620747611613 ], [ -84.534706946759201, 46.796001644349339 ], [ -84.542603353817341, 46.78005443068615 ], [ -84.550072666572945, 46.77290164514671 ], [ -84.554368491110864, 46.762918862795829 ], [ -84.553743625110357, 46.760709635621275 ], [ -84.548499714970021, 46.75300057090638 ], [ -84.546556746713122, 46.746431027762412 ], [ -84.546526585483406, 46.742035525630826 ], [ -84.548339190501196, 46.739545367324133 ], [ -84.551739591051572, 46.737994016286436 ], [ -84.555963163711098, 46.737499467854313 ], [ -84.559889072128243, 46.737827373054905 ], [ -84.570011888015415, 46.737090191154635 ], [ -84.57299290970974, 46.735742511436996 ], [ -84.574050105340461, 46.733588501225917 ], [ -84.574573343979083, 46.72674712441399 ], [ -84.572100101143874, 46.698993697824939 ], [ -84.565524195557003, 46.68931551389614 ], [ -84.561812478651447, 46.687107555982514 ], [ -84.554662430586674, 46.686207666498149 ], [ -84.536971813384, 46.689558404240685 ], [ -84.525061183852756, 46.695145375767936 ], [ -84.520582248556792, 46.701040355245297 ], [ -84.500371005779485, 46.734160534121848 ], [ -84.493822890187417, 46.749069033598751 ], [ -84.488758694645327, 46.756782791593267 ], [ -84.486747683649924, 46.758591666687607 ], [ -84.482004984298968, 46.760365251119701 ], [ -84.46947966632986, 46.760877927131716 ], [ -84.460222157910877, 46.758088510556512 ], [ -84.44432391784504, 46.749301819523893 ], [ -84.428552589206518, 46.736702634760697 ], [ -84.427579339112739, 46.73400247724603 ], [ -84.428115004736554, 46.730426237263771 ], [ -84.434737454057824, 46.716807605290668 ], [ -84.435395958060937, 46.71167115388009 ], [ -84.433422246394983, 46.709641299574869 ], [ -84.424034267003918, 46.699981802953744 ], [ -84.418759419120036, 46.691771786486861 ], [ -84.418548727180593, 46.689278520206784 ], [ -84.419382178759633, 46.68699051755739 ], [ -84.422486649526419, 46.683568410431398 ], [ -84.435826173008564, 46.675275833932545 ], [ -84.441880344382369, 46.672477268710203 ], [ -84.450127391414171, 46.669795226219456 ], [ -84.464393343327217, 46.666587732093113 ], [ -84.484541033161449, 46.65094532962712 ], [ -84.485646867310351, 46.648312443393785 ], [ -84.489438852597758, 46.644142239851753 ], [ -84.529009372939001, 46.614848416552761 ], [ -84.539925461359573, 46.60735037430225 ], [ -84.567644575212455, 46.594108447937643 ], [ -84.578471889743597, 46.585670071061585 ], [ -84.584605954186529, 46.578164466390092 ], [ -84.591856971045857, 46.556448292743809 ], [ -84.592642568644806, 46.546788112917667 ], [ -84.591795618708232, 46.54074291821339 ], [ -84.585402593492944, 46.533628716236628 ], [ -84.565659191836232, 46.5230079849986 ], [ -84.541190821665111, 46.507706062272739 ], [ -84.530047004490754, 46.50025059474396 ], [ -84.52839649136817, 46.49770850768536 ], [ -84.524041394816805, 46.478494412639876 ], [ -84.521949751255775, 46.474419500766693 ], [ -84.518214724683659, 46.470633163669746 ], [ -84.513290098765324, 46.46878236397454 ], [ -84.492339633898865, 46.465489560930585 ], [ -84.487178093612386, 46.465022463159649 ], [ -84.483377725220095, 46.465452839077123 ], [ -84.477604492879451, 46.467666276271757 ], [ -84.471533233284774, 46.474667936994621 ], [ -84.472820916690381, 46.478233512120624 ], [ -84.460502352755185, 46.492487201712102 ], [ -84.425765682417236, 46.511191084231285 ], [ -84.378027929959117, 46.519682828788831 ], [ -84.365779403455221, 46.521394923806007 ], [ -84.356092917610226, 46.520948836606742 ], [ -84.33700345286347, 46.516698466019889 ], [ -84.334972427915176, 46.514797960957758 ], [ -84.332796212073262, 46.511363639640564 ], [ -84.337056981748347, 46.507599094402835 ], [ -84.33930318348412, 46.504917117738231 ], [ -84.347060660295895, 46.500877230372481 ], [ -84.375154368084367, 46.501879297262036 ], [ -84.421831321101308, 46.485215554838163 ], [ -84.453985636648568, 46.470540845778324 ], [ -84.453559645089555, 46.453925921823881 ], [ -84.454203625889136, 46.451695818556686 ], [ -84.460565324469556, 46.442090253222645 ], [ -84.467928720264382, 46.436391457005364 ], [ -84.477250240748774, 46.434088149595475 ], [ -84.507506101215029, 46.435942171422816 ], [ -84.536797048068451, 46.42454130932321 ], [ -84.547112110517261, 46.420672976664321 ], [ -84.579523861238826, 46.413679439058598 ], [ -84.592417751511746, 46.415655219098973 ], [ -84.596648048903887, 46.418300661836561 ], [ -84.59956312905345, 46.422589513960041 ], [ -84.602116373255242, 46.429833675278999 ], [ -84.601561071145781, 46.43509838281561 ], [ -84.599163825621744, 46.437346982275358 ], [ -84.59407549036888, 46.438540681455528 ], [ -84.588219301457571, 46.438172275046355 ], [ -84.593267848977604, 46.449625004627698 ], [ -84.618170656544194, 46.477067307310193 ], [ -84.624413585627167, 46.482956548373465 ], [ -84.631014145336721, 46.484970214048538 ], [ -84.67714221023968, 46.488810290444661 ], [ -84.691385155411737, 46.483423710041251 ], [ -84.718081909749642, 46.471201961658352 ], [ -84.767248895672097, 46.454900787530121 ], [ -84.798592955209116, 46.446942814492296 ], [ -84.826809904686485, 46.444742492096744 ], [ -84.840779275917214, 46.448087842876404 ], [ -84.845145198261065, 46.451445352769554 ], [ -84.853469811210388, 46.464979616853917 ], [ -84.85872724265775, 46.469159881121783 ], [ -84.867288252403057, 46.470058479384065 ], [ -84.892502319624541, 46.467790109657059 ], [ -84.909949132810098, 46.46831608043901 ], [ -84.966186094194867, 46.477786936815683 ], [ -85.006388718548649, 46.478941196370243 ], [ -85.024294241420506, 46.482647813594376 ], [ -85.029822196132272, 46.485265497969593 ], [ -85.037970581589789, 46.491195763825033 ], [ -85.051724009826231, 46.506446315308821 ], [ -85.056678993412675, 46.522124464458948 ], [ -85.053106367263908, 46.531244935390838 ], [ -85.04602815451473, 46.537446986688543 ], [ -85.043384909313431, 46.538935939947827 ], [ -85.027622678433076, 46.544430699476138 ], [ -85.026113115438093, 46.550098474563804 ], [ -85.025417466449525, 46.556291244084804 ], [ -85.027682707706333, 46.570139004895736 ], [ -85.030712713790891, 46.584501059710277 ], [ -85.036619339409611, 46.602530536281868 ], [ -85.031722396965023, 46.625455289584174 ], [ -85.031209376974886, 46.648021794996367 ], [ -85.028057209914863, 46.688295556682831 ], [ -85.022094008104958, 46.710934931717482 ], [ -85.006652406192643, 46.730679734661614 ], [ -84.995917826217934, 46.740744922859619 ], [ -84.960008998158941, 46.764966183305233 ], [ -84.951667539129076, 46.771938680654557 ], [ -84.953615953976183, 46.773807805768961 ], [ -84.972627247378881, 46.774476039809009 ], [ -84.9968638515208, 46.772814404257822 ], [ -85.036143654979909, 46.762144743495426 ], [ -85.056345622373215, 46.759791463209666 ], [ -85.091145790458626, 46.760236059509793 ], [ -85.148254505105669, 46.765765468503737 ], [ -85.162825013975763, 46.766365560026081 ], [ -85.180324023746309, 46.7655086489073 ], [ -85.241681923981872, 46.756152168289532 ], [ -85.271925820897195, 46.749152709504941 ], [ -85.30475361493329, 46.740489680110095 ], [ -85.319098754755473, 46.733034759896597 ], [ -85.36867392279872, 46.715065604253823 ], [ -85.416238477945257, 46.702200070220805 ], [ -85.438415027652013, 46.694328209130006 ], [ -85.498218231542239, 46.677791207535911 ], [ -85.519955933127989, 46.67586936686186 ], [ -85.553162203067629, 46.675607828782368 ], [ -85.576964076731912, 46.676237923503976 ], [ -85.628622499996723, 46.680686462190614 ], [ -85.670131658586754, 46.682299602437361 ], [ -85.693962679924454, 46.679233004245432 ], [ -85.731585111623815, 46.678562069828189 ], [ -85.768655278645653, 46.679652849056254 ], [ -85.799645177326909, 46.68355824536188 ], [ -85.844642333557019, 46.69057035872455 ], [ -85.86388288247916, 46.692494823748731 ], [ -85.889214326138074, 46.692090956988416 ], [ -85.900698360981465, 46.690362557239766 ], [ -85.951102989722443, 46.679970921487033 ], [ -85.964498838965156, 46.678996121198587 ], [ -85.968444873644373, 46.679719257609072 ], [ -85.992229384573562, 46.675931162840754 ], [ -86.031279528438233, 46.669292918158625 ], [ -86.05352003768175, 46.66392738139082 ], [ -86.079209614642124, 46.656738818919536 ], [ -86.096368339614216, 46.655504544387533 ], [ -86.112217809775714, 46.65708047016863 ], [ -86.116355631567842, 46.658404427630821 ], [ -86.124982084699852, 46.663791436861729 ], [ -86.1367443251754, 46.673724760068808 ], [ -86.141115331195152, 46.675102192036718 ], [ -86.156740247120666, 46.672420561250831 ], [ -86.163756517154241, 46.669458180317733 ], [ -86.185741973866911, 46.655764670498947 ], [ -86.265543255930396, 46.615180572899128 ], [ -86.313497960176775, 46.593549003020513 ], [ -86.351982694428074, 46.576563983272663 ], [ -86.375546986249816, 46.566930523268113 ], [ -86.405881147353526, 46.559985025403719 ], [ -86.442767509257081, 46.548463175681498 ], [ -86.446005773785245, 46.547974842929889 ], [ -86.4510737773507, 46.549215123036973 ], [ -86.454647761294297, 46.551420848077285 ], [ -86.461505819947121, 46.552731189681367 ], [ -86.468607329198761, 46.55214511656137 ], [ -86.476781070834377, 46.547080878937933 ], [ -86.485547943119457, 46.536713006994773 ], [ -86.498968796975191, 46.524341736609252 ], [ -86.526949827872926, 46.507031348613687 ], [ -86.5615433396719, 46.489792011020391 ], [ -86.598636304325225, 46.455098066150306 ], [ -86.624115958714199, 46.429871636766173 ], [ -86.635582042350464, 46.416886840853572 ], [ -86.638589071832314, 46.414509004524874 ], [ -86.641786078518862, 46.412988882382457 ], [ -86.647051892877982, 46.41255452918174 ], [ -86.65122199023088, 46.413349607573814 ], [ -86.65898577550557, 46.416925099545111 ], [ -86.661968380046858, 46.420028960994578 ], [ -86.662351268872527, 46.422800073035852 ], [ -86.660455977199646, 46.425832842660562 ], [ -86.653617315077838, 46.431258922272569 ], [ -86.653715179755224, 46.437753971058299 ], [ -86.655837081419477, 46.442821461944121 ], [ -86.661503084530537, 46.445855035802772 ], [ -86.666794568954103, 46.446770351868629 ], [ -86.688377125088408, 46.441151407598426 ], [ -86.696722970249112, 46.440584506084043 ], [ -86.700569004327704, 46.440985771680182 ], [ -86.707377138251843, 46.443579525247877 ], [ -86.730654836917239, 46.46407541580966 ], [ -86.734189171666543, 46.475554088073061 ], [ -86.75471609709075, 46.479679450292039 ], [ -86.774325840960188, 46.480055691461992 ], [ -86.78902978482239, 46.478567414861374 ], [ -86.807216685200473, 46.464467600062768 ], [ -86.812464717097939, 46.454378826824382 ], [ -86.820569423116027, 46.440811699521547 ], [ -86.825622728450213, 46.438894419285901 ], [ -86.849140539746031, 46.436897876763993 ], [ -86.872767584140774, 46.438723450930723 ], [ -86.881089924650723, 46.442695580771229 ], [ -86.882976745353702, 46.446139041525427 ], [ -86.882597611304007, 46.4497777799712 ], [ -86.891920893503197, 46.458769115823841 ], [ -86.904207033936999, 46.466411782396662 ], [ -86.929030776742664, 46.46505837881152 ], [ -86.932415622823697, 46.466036145359631 ], [ -86.945136338549347, 46.472626708962906 ], [ -86.94702785804445, 46.476069264110464 ], [ -86.945340304205544, 46.47981147979948 ], [ -86.948385849960985, 46.486104977800281 ], [ -86.957621446045749, 46.502527565765419 ], [ -86.973868473703064, 46.522984489349177 ], [ -86.9787924634837, 46.52721888406753 ], [ -86.987194297660821, 46.528861658705509 ], [ -87.022813434008029, 46.533400041816336 ], [ -87.024726727409615, 46.528185119907477 ], [ -87.027573190645512, 46.526192013983767 ], [ -87.05077031317424, 46.519041502111079 ], [ -87.05394551811527, 46.518317186663246 ], [ -87.072130390275802, 46.515591986219221 ], [ -87.111629263780387, 46.496955417882823 ], [ -87.140461827429405, 46.494418359631354 ], [ -87.152479107754701, 46.496444799055908 ], [ -87.181218560847398, 46.495176303728989 ], [ -87.193173853148735, 46.492227953316004 ], [ -87.232612619395596, 46.487666537048796 ], [ -87.265351844580138, 46.48740698687201 ], [ -87.29691756301473, 46.489002569290484 ], [ -87.31963223964209, 46.491969130345119 ], [ -87.342718322128121, 46.497802736308145 ], [ -87.355515737973349, 46.502055430611165 ], [ -87.365263028711865, 46.507079861667812 ], [ -87.380358884142595, 46.517790679182568 ], [ -87.391139043441925, 46.52925061373066 ], [ -87.392091037792468, 46.535759239165301 ], [ -87.389474777602715, 46.538977284372507 ], [ -87.384405694646119, 46.551385768666798 ], [ -87.389456371062678, 46.577933559840375 ], [ -87.39408696041022, 46.584812968635127 ], [ -87.435251072749224, 46.592081143049292 ], [ -87.439032757610903, 46.594148207533969 ], [ -87.461665694906188, 46.611381930175369 ], [ -87.463270022739451, 46.613379204066298 ], [ -87.468167713594639, 46.625357021421408 ], [ -87.4828452686003, 46.639872711197299 ], [ -87.498800746616539, 46.644450970931324 ], [ -87.50270430245358, 46.646156727692791 ], [ -87.504965500484076, 46.647804035231509 ], [ -87.523971856722184, 46.674853310915772 ], [ -87.524238309522886, 46.683622939477807 ], [ -87.545569837682194, 46.702387038400211 ], [ -87.570514310380219, 46.719532172007412 ], [ -87.58293761576077, 46.730822016324908 ], [ -87.59309986711051, 46.763657670251739 ], [ -87.593835040316691, 46.77356562537507 ], [ -87.604170007276323, 46.787749992071866 ], [ -87.633057884753526, 46.811818823085112 ], [ -87.639673341052386, 46.814475675967799 ], [ -87.658669745178543, 46.814675312712147 ], [ -87.669344729107152, 46.818537454796193 ], [ -87.671755680660311, 46.820786031283674 ], [ -87.678760639245894, 46.84265276655821 ], [ -87.683954580803785, 46.843925968508984 ], [ -87.689053936612638, 46.842171037535863 ], [ -87.691386876961758, 46.831463181217835 ], [ -87.70013681455309, 46.827084905816626 ], [ -87.711836435044674, 46.825908434829415 ], [ -87.724112214292504, 46.827951077107343 ], [ -87.729470774886664, 46.830606882463861 ], [ -87.735207279741275, 46.836773250465995 ], [ -87.73791150564422, 46.858009571063747 ], [ -87.741444080235127, 46.865455758732779 ], [ -87.750560669369193, 46.865389585071149 ], [ -87.777027847107917, 46.871901683558356 ], [ -87.813772312687377, 46.890537870349888 ], [ -87.823132374462105, 46.892207090820669 ], [ -87.841166198299632, 46.886946094191892 ], [ -87.851192611357249, 46.886957787271321 ], [ -87.869335064350437, 46.892532657621899 ], [ -87.893589441484195, 46.908493405187329 ], [ -87.904836807528241, 46.911130809353793 ], [ -88.003946318396629, 46.907798345728203 ], [ -88.038984415207807, 46.910095759668323 ], [ -88.063340058950104, 46.918664692975632 ], [ -88.075408752063183, 46.92062071433206 ], [ -88.08975960607772, 46.919759771339329 ], [ -88.137551979115216, 46.908534741573249 ], [ -88.17319127962071, 46.907222990119124 ], [ -88.187108707771102, 46.90466131156095 ], [ -88.210634316592149, 46.895755608286599 ], [ -88.213855935711877, 46.892977243091067 ], [ -88.212905036301009, 46.887901009388322 ], [ -88.214625715171451, 46.884408400780444 ], [ -88.237258124517439, 46.870239962219785 ], [ -88.245168279613637, 46.870091506769199 ], [ -88.248755068487796, 46.872845312129868 ], [ -88.248634234520011, 46.877163159574771 ], [ -88.230941052213069, 46.898405570464469 ], [ -88.22479174217554, 46.902586730541792 ], [ -88.178432968454516, 46.924471855828628 ], [ -88.153485573200925, 46.94234453007077 ], [ -88.130740952928804, 46.963747643540671 ], [ -88.143542650466202, 46.967242162217964 ], [ -88.15637354596339, 46.964560970628909 ], [ -88.18584450091366, 46.954889770283039 ], [ -88.225432278815546, 46.937682599084795 ], [ -88.256311697032729, 46.921957630427464 ], [ -88.297486626372361, 46.898032303353439 ], [ -88.354153413578899, 46.857760947439928 ], [ -88.360693639441138, 46.857210295382743 ], [ -88.374199322959669, 46.861290695348941 ], [ -88.376190188650185, 46.864712080953019 ], [ -88.374027424246123, 46.872960158108739 ], [ -88.3775663168569, 46.872817904745496 ], [ -88.390867784439891, 46.865954081305183 ], [ -88.403314198476309, 46.855593252114438 ], [ -88.403806967640207, 46.849285499332851 ], [ -88.394055711746731, 46.850389353918203 ], [ -88.388317196347415, 46.84763331259613 ], [ -88.384751242311239, 46.843178746249279 ], [ -88.386946588943914, 46.836336390665437 ], [ -88.435085407777422, 46.794413514229511 ], [ -88.449088956386518, 46.775541453047353 ], [ -88.457288274834369, 46.759766770951067 ], [ -88.472024303546007, 46.753349359692429 ], [ -88.478099295004569, 46.752936932821569 ], [ -88.487457266497572, 46.754873034421578 ], [ -88.494988282459772, 46.75964656237241 ], [ -88.494707490061685, 46.765291073852509 ], [ -88.480898699797564, 46.781718489046732 ], [ -88.475877204973898, 46.783083157433353 ], [ -88.46818361520522, 46.781765108176934 ], [ -88.464224692942551, 46.78528510407088 ], [ -88.474517994549473, 46.819884956510485 ], [ -88.480542509222687, 46.825546173040671 ], [ -88.482621040797483, 46.834009402254139 ], [ -88.475428740290724, 46.885073193442295 ], [ -88.455811388832984, 46.923758496392658 ], [ -88.450787200207245, 46.939862416834011 ], [ -88.446680839334732, 46.967826411310597 ], [ -88.439927664844177, 46.981624950718484 ], [ -88.439246248702105, 46.990560911970036 ], [ -88.445776145557943, 47.00075535392083 ], [ -88.500579139172274, 47.039468989558173 ], [ -88.501261476369066, 47.084631422315532 ], [ -88.513886671170923, 47.104252795521262 ], [ -88.524248234742743, 47.111007282606515 ], [ -88.584776510223946, 47.11510039356935 ], [ -88.612922838146616, 47.118924953074028 ], [ -88.636490239745115, 47.133318794589123 ], [ -88.647838926433977, 47.160993785179045 ], [ -88.64927892636193, 47.169089891087204 ], [ -88.644245625188546, 47.18129454911719 ], [ -88.631977084536075, 47.193504132510725 ], [ -88.629215885436111, 47.208761172112325 ], [ -88.630674860218349, 47.216702003357781 ], [ -88.643066566865087, 47.225402594491904 ], [ -88.655081967090467, 47.225674336261356 ], [ -88.681876378175218, 47.21534406237047 ], [ -88.727383324983165, 47.187586110475337 ], [ -88.769842655821364, 47.153451424225771 ], [ -88.795808001755773, 47.148348499026305 ], [ -88.811505266707869, 47.143426490168935 ], [ -88.823755014524409, 47.137134064128297 ], [ -88.842079896234907, 47.119206023328857 ], [ -88.87079902886272, 47.107458927551328 ], [ -88.888117682156661, 47.104232825288463 ], [ -88.900883572777772, 47.089318437789174 ], [ -88.9103080655415, 47.074004121975044 ], [ -88.914090993466502, 47.056612178748836 ], [ -88.939554194798674, 47.024153547625325 ], [ -88.955432331622504, 47.010728299118661 ], [ -88.968818442871736, 47.004216072207015 ], [ -88.992973667776354, 46.997199194615874 ], [ -89.012626204252797, 46.995342903419285 ], [ -89.018796937550249, 46.997111096783584 ], [ -89.020836298181933, 47.002194858195942 ], [ -89.025041816812518, 47.001636670985327 ], [ -89.0423952696638, 46.998143357215099 ], [ -89.06968523508732, 46.98792358085845 ], [ -89.083564861049837, 46.985105997723757 ], [ -89.110914335241645, 46.987535786100551 ], [ -89.118920975869401, 46.993937657471186 ], [ -89.128661519725526, 46.993806865220058 ], [ -89.143742278133161, 46.985737693488964 ], [ -89.171766086482222, 46.964747452869673 ], [ -89.197800486703983, 46.937507555054175 ], [ -89.221490127653198, 46.917376142791191 ], [ -89.236454330626017, 46.909677793205802 ], [ -89.331719495700312, 46.87266752823632 ], [ -89.345761955571618, 46.865621200239183 ], [ -89.366780796534158, 46.857920516158337 ], [ -89.408698195061078, 46.846087861811341 ], [ -89.443062916473522, 46.840004000125695 ], [ -89.481769682874614, 46.838743177861154 ], [ -89.510919155847787, 46.843560690388294 ], [ -89.585218777034086, 46.829573695943921 ], [ -89.617318544995243, 46.82078509838486 ], [ -89.62848907029678, 46.821580178162549 ], [ -89.652264777722664, 46.83089065073996 ], [ -89.6681426187792, 46.833576106408252 ], [ -89.715853013599769, 46.831116363293248 ], [ -89.742601730783036, 46.828276725859709 ], [ -89.777548023099243, 46.822123894142834 ], [ -89.818305545613612, 46.810423899389434 ], [ -89.844573790733222, 46.79961339784569 ], [ -89.898564881015503, 46.759486945189408 ], [ -89.915232463344978, 46.743453812550122 ], [ -89.944289008005214, 46.723992949079893 ], [ -89.966459107793412, 46.715619633922067 ], [ -89.98693390109581, 46.701746986018655 ], [ -90.003215125029868, 46.687796066396338 ], [ -90.019798530821376, 46.677765555988813 ], [ -90.053115106758341, 46.666399008213489 ], [ -90.174685306832231, 46.643385357800831 ], [ -90.222364264930249, 46.629391221766852 ], [ -90.260075961724112, 46.620543799675332 ], [ -90.302911361953292, 46.605151471098281 ], [ -90.34338624979614, 46.603022045829817 ], [ -90.39720868762204, 46.57461420637582 ], [ -90.426052541867008, 46.56356603045176 ], [ -90.438061546964462, 46.560851336874286 ], [ -90.464934917675492, 46.566190037306463 ], [ -90.50309201162797, 46.584427738173694 ], [ -90.518916672954646, 46.586223974827369 ], [ -90.534584781413542, 46.586006557434189 ], [ -90.537941149417563, 46.580837515389796 ], [ -90.545495751047255, 46.579023144622482 ], [ -90.575310512159163, 46.590329559429598 ], [ -90.631485947872946, 46.623632004561621 ], [ -90.665857330036971, 46.641417293731699 ], [ -90.757981314048124, 46.698261733162191 ], [ -90.744648502566108, 46.686565025464652 ], [ -90.74340514973828, 46.654951624121772 ], [ -90.74582362954817, 46.651656645960067 ], [ -90.775758139759944, 46.633218477284075 ], [ -90.794700491921617, 46.624652116653003 ], [ -90.836857701627764, 46.613350132295032 ], [ -90.875217381194588, 46.601081245557751 ], [ -90.91246237013867, 46.582340759776848 ], [ -90.921426012487586, 46.581744629089265 ], [ -90.949625241767848, 46.588592736173084 ], [ -90.954829096232757, 46.596762566723655 ], [ -90.954720624871527, 46.599550729468469 ], [ -90.944786993131061, 46.606273161849963 ], [ -90.924051992245879, 46.62609839770942 ], [ -90.9166548886285, 46.66463667462407 ], [ -90.912362433256803, 46.667403861242157 ], [ -90.887930694567444, 46.674593515548978 ], [ -90.870552124336712, 46.685252011942879 ], [ -90.858070870559629, 46.696942576986729 ], [ -90.858261020529412, 46.699938498480314 ], [ -90.873237346702396, 46.719567814443316 ], [ -90.890464333187509, 46.747718262687243 ], [ -90.888676974253556, 46.757418639995514 ], [ -90.864344591302142, 46.775712514665422 ], [ -90.839742341047554, 46.786773168655522 ], [ -90.805165622174115, 46.819401594088966 ], [ -90.791324742241216, 46.83704109246878 ], [ -90.791894431559911, 46.844558320691746 ], [ -90.789772564445897, 46.85144755263142 ], [ -90.764926407667176, 46.879546940878313 ], [ -90.756398806359286, 46.885159963433601 ], [ -90.755873656167893, 46.891840143136797 ], [ -90.797016892263869, 46.930966772002932 ], [ -90.838789813678503, 46.953117665223374 ], [ -90.86946041914274, 46.960639404761984 ], [ -90.883690095361416, 46.955186163160079 ], [ -90.888202843597512, 46.947081025988453 ], [ -90.925293403583595, 46.929476839570732 ], [ -90.938957510482737, 46.929620000933284 ], [ -90.962281999867969, 46.937013060558129 ], [ -91.020325816506912, 46.9120341782343 ], [ -91.041366020427461, 46.901088347588953 ], [ -91.046681413597398, 46.887208124043973 ], [ -91.057096056053851, 46.879605776083856 ], [ -91.070468101675374, 46.876049074584309 ], [ -91.101722764360844, 46.871269089185169 ], [ -91.103281686170448, 46.861088002717239 ], [ -91.110053291558401, 46.856023373795423 ], [ -91.18262782400322, 46.841874055900256 ], [ -91.191625899802858, 46.843846070570976 ], [ -91.20739143071205, 46.852143461538361 ], [ -91.208696083043563, 46.857092717192089 ], [ -91.201647326780858, 46.867840343877916 ], [ -91.210001049125864, 46.868113232894004 ], [ -91.236522088393087, 46.859901391691075 ], [ -91.262557484528799, 46.836234232829831 ], [ -91.278343235548334, 46.830589486171732 ], [ -91.291176451045345, 46.830495830446431 ], [ -91.314395872499546, 46.825534234444191 ], [ -91.346546868011458, 46.813036214214385 ], [ -91.371580372190863, 46.792212647284536 ], [ -91.392290442207454, 46.785770796057243 ], [ -91.4040196652589, 46.788545035879658 ], [ -91.460654668481951, 46.770377237820682 ], [ -91.476980599935288, 46.766334786945691 ], [ -91.490627538542043, 46.764916776361694 ], [ -91.505865256550038, 46.759564391278225 ], [ -91.531770436848433, 46.752613912625129 ], [ -91.563278300323674, 46.75326150842627 ], [ -91.578099344548917, 46.754861603525136 ], [ -91.602899859748774, 46.749772610798765 ], [ -91.613171978731941, 46.746647811120901 ], [ -91.629151179977384, 46.740998807902976 ], [ -91.645747548950098, 46.733300035068616 ], [ -91.671140440853961, 46.726262851465748 ], [ -91.736668066385917, 46.712208840284774 ], [ -91.762996121632668, 46.70381459033095 ], [ -91.797850502657937, 46.692010519639304 ], [ -91.810447727294218, 46.690124299111865 ], [ -91.829186683627171, 46.688946247342258 ], [ -91.847561161265872, 46.689045778559482 ], [ -91.857332405213796, 46.690237965717159 ], [ -91.882337650041862, 46.688839407216449 ], [ -91.917578443494065, 46.682855854630333 ], [ -91.937072434727099, 46.678244909228432 ], [ -91.952767644986849, 46.677231802448027 ], [ -91.95641853626546, 46.677642617536172 ], [ -91.96792679868615, 46.681128586718202 ], [ -92.00923435837322, 46.701736837582771 ], [ -92.014353276884393, 46.703437180663634 ], [ -92.018017385024891, 46.703350717094139 ], [ -92.02016366818043, 46.70042405879407 ], [ -92.022979832471293, 46.69783390965145 ], [ -92.054733023512284, 46.721683365205827 ], [ -92.064041444167088, 46.731441397875749 ], [ -92.086334154414232, 46.745899270445477 ], [ -92.089492634354826, 46.743862162142015 ], [ -92.09041644980951, 46.739559126332992 ], [ -92.106750573623088, 46.733379366921774 ], [ -92.118988102221635, 46.727333060144346 ], [ -92.128783994981646, 46.717426336627099 ], [ -92.142044070581647, 46.694427452396006 ], [ -92.147911597226553, 46.683265636532695 ], [ -92.156860900174479, 46.683078852634864 ], [ -92.167281991379767, 46.681529900558509 ], [ -92.184524449192338, 46.658000913851978 ], [ -92.188019054968478, 46.648361300342366 ], [ -92.192832921682779, 46.644382419700001 ], [ -92.195922904876412, 46.643215170594786 ], [ -92.214691498517041, 46.640731772912979 ], [ -92.241135021429045, 46.641090367952096 ], [ -92.250801182129536, 46.64598838934122 ], [ -92.200905210721146, 46.647316047101121 ], [ -92.195907806383843, 46.649929110591899 ], [ -92.186714431548367, 46.668651639204349 ], [ -92.192291093503286, 46.697925630703452 ], [ -92.188476741823621, 46.702842710081455 ], [ -92.169494897458193, 46.717788659725706 ], [ -92.141388040632094, 46.732360954646239 ], [ -92.107551547483283, 46.758392402096781 ], [ -92.10272942051887, 46.758659300396786 ], [ -92.098121731801186, 46.754123556603737 ], [ -92.091850684796825, 46.75221639088511 ], [ -92.090217225407912, 46.755073507893755 ], [ -92.096237367984827, 46.762390160900921 ], [ -92.101764160828751, 46.771114000462902 ], [ -92.101405710936845, 46.77451113880111 ], [ -92.096514549527669, 46.784354907540937 ], [ -92.090478399117828, 46.790723665183599 ], [ -92.084766475275828, 46.794214873205966 ], [ -92.039479247120482, 46.818871615503198 ], [ -92.005374512077651, 46.836504620896328 ], [ -91.992406698477367, 46.838481757422464 ], [ -91.965463787806087, 46.850163495697608 ], [ -91.956594716443078, 46.854795971131693 ], [ -91.936097557422272, 46.868948541979968 ], [ -91.896425174823349, 46.891641553450405 ], [ -91.829327730815038, 46.923846932417895 ], [ -91.824079173201881, 46.924748824495218 ], [ -91.809890050484157, 46.923080906179322 ], [ -91.80379780284504, 46.925427636324251 ], [ -91.778354230385787, 46.940124401946839 ], [ -91.711453090150755, 46.989024822705744 ], [ -91.703000503708736, 46.997862346225702 ], [ -91.696229297526756, 47.002454905227175 ], [ -91.67743585618301, 47.009380180384575 ], [ -91.667129710634867, 47.012353029261178 ], [ -91.642742551374724, 47.024709602996388 ], [ -91.629578728399395, 47.038710972844825 ], [ -91.62752724218376, 47.041372957826113 ], [ -91.623119146211067, 47.044813284652733 ], [ -91.586557561607393, 47.064899829636111 ], [ -91.580906952041076, 47.070424635691737 ], [ -91.572432209260739, 47.080707871414091 ], [ -91.568126149450492, 47.083389851152837 ], [ -91.561095045114939, 47.085811776148319 ], [ -91.544492162767369, 47.08905802028827 ], [ -91.51301138418745, 47.10464859822509 ], [ -91.467990748298263, 47.125246453015329 ], [ -91.446044196001651, 47.141640637160464 ], [ -91.41085402113842, 47.177491698347588 ], [ -91.390950602140265, 47.1877313641521 ], [ -91.369905668189048, 47.197154706901955 ], [ -91.357831856886349, 47.20667978049395 ], [ -91.348241579294424, 47.219204561865936 ], [ -91.34391222478294, 47.223479428623406 ], [ -91.312343545263246, 47.244639566155477 ], [ -91.302909687565489, 47.249914003412506 ], [ -91.284030856315354, 47.262979661049179 ], [ -91.281797764761421, 47.267342180767209 ], [ -91.254413242521451, 47.289455339725023 ], [ -91.222918620707162, 47.306855080411658 ], [ -91.183182818073902, 47.34170608039647 ], [ -91.167808366367709, 47.364522843306581 ], [ -91.129666946812094, 47.394318561828619 ], [ -91.106158138597266, 47.412072793575298 ], [ -91.083533338543745, 47.421773144647275 ], [ -91.065880113743162, 47.439778925410003 ], [ -91.035689121194252, 47.456183321221182 ], [ -90.996108811657621, 47.477335263660045 ], [ -90.913588338064329, 47.525716509244738 ], [ -90.82116592335889, 47.574978200165503 ], [ -90.756747570891847, 47.611679537914846 ], [ -90.728822401759842, 47.6241047106097 ], [ -90.697747026809765, 47.637268287108697 ], [ -90.666794061391741, 47.643768224253371 ], [ -90.650655024632457, 47.65077974004096 ], [ -90.631430817114307, 47.66325228471019 ], [ -90.627768217632749, 47.664573438599717 ], [ -90.608011045594594, 47.667596050131344 ], [ -90.585038091416806, 47.674671236602315 ], [ -90.544761183722585, 47.69138900925347 ], [ -90.538626863406719, 47.696972862910066 ], [ -90.507480830642521, 47.710495326119805 ], [ -90.470963583024371, 47.718231779057888 ], [ -90.442936098340141, 47.721100458901127 ], [ -90.428952869235502, 47.731027344875145 ], [ -90.422328026043161, 47.73320980189667 ], [ -90.365400714063597, 47.740925309510885 ], [ -90.335215426904426, 47.741805373044279 ], [ -90.326129283663647, 47.744264084656081 ], [ -90.311013232174943, 47.756376139896972 ], [ -90.303964882832915, 47.758520417479474 ], [ -90.246376221195362, 47.767235771577504 ], [ -90.179878976328894, 47.778574059506241 ], [ -90.167386920810344, 47.78349008438402 ], [ -90.144045293894337, 47.790852790101994 ], [ -90.074593593947199, 47.808533186694206 ], [ -90.071179555859061, 47.808892992512774 ], [ -90.056196542068449, 47.808324900427415 ], [ -90.016656046534152, 47.821231550222933 ], [ -89.959697995869362, 47.841113706917717 ], [ -89.933137830172811, 47.854166314614396 ], [ -89.921441700555775, 47.863410630236409 ], [ -89.915123641430327, 47.866198439693861 ], [ -89.872739045221778, 47.874841834596033 ], [ -89.846337886338716, 47.878161735196699 ], [ -89.826132916023937, 47.883094072682852 ], [ -89.790772430487991, 47.894237672850963 ], [ -89.747930516216371, 47.914429178227039 ], [ -89.715283945622275, 47.933663917581889 ], [ -89.68295351879226, 47.948763837523344 ], [ -89.682934945846341, 47.951684771366466 ], [ -89.674312171790987, 47.963910057040941 ], [ -89.641024971833247, 47.984141140508328 ], [ -89.631605809704055, 47.988719756451822 ], [ -89.626554241749645, 47.990219743934631 ], [ -89.622349687447169, 47.990355032087471 ], [ -89.618595350151665, 47.989748237463353 ], [ -89.6155185049805, 47.987866057937694 ], [ -89.58525148822622, 47.987542806713833 ], [ -89.567663534202609, 47.991753168448483 ], [ -89.546415476751108, 47.995497746881284 ], [ -89.535274943321198, 47.996662129701988 ], [ -89.516980790630768, 47.998561875143324 ], [ -89.50409621957607, 48.001688294691135 ], [ -89.499925186231721, 48.004440183977529 ], [ -89.505727613232608, 48.005070162495478 ], [ -89.514343159932636, 48.002474400907822 ], [ -89.529156225258291, 48.001709738512716 ], [ -89.5453015051135, 48.002937957036927 ], [ -89.549160559849582, 48.00400548656561 ], [ -89.552116045400879, 48.007113095834754 ], [ -89.551920959084015, 48.009898555939685 ], [ -89.546472437282276, 48.018829516384415 ], [ -89.51228349232683, 48.039895341599532 ], [ -89.506971873799941, 48.04268941376943 ], [ -89.502316718530565, 48.043836101964857 ], [ -89.498021514254063, 48.043578187786544 ], [ -89.494499913285338, 48.042078097154331 ], [ -89.492581735109113, 48.039603956339697 ], [ -89.484824971981283, 48.038026437696452 ], [ -89.471605323154634, 48.036271775906954 ], [ -89.459412517610346, 48.040130539786716 ], [ -89.456600559101574, 48.042504893426234 ], [ -89.457636688043593, 48.045604456450867 ], [ -89.462466687560834, 48.047915545039501 ], [ -89.465419208695081, 48.051025429846227 ], [ -89.465219029665889, 48.05381052916357 ], [ -89.454060380196609, 48.069611240320874 ], [ -89.435776811513819, 48.086757406237446 ], [ -89.432625626826294, 48.087941811331184 ], [ -89.420775858048728, 48.090117206614551 ], [ -89.416690507937673, 48.089508620593847 ], [ -89.413615509987579, 48.087621369745072 ], [ -89.401396213483352, 48.088108547392743 ], [ -89.339239832451341, 48.098208590803289 ], [ -89.307477595228633, 48.13583081150648 ], [ -89.306258401035478, 48.140233600670598 ], [ -89.310013327378286, 48.142975176365553 ], [ -89.311926094009394, 48.145452212827792 ], [ -89.308186384077729, 48.18716920532065 ], [ -89.305948676652974, 48.190792620829349 ], [ -89.301834465474784, 48.193272256126349 ], [ -89.296290795814642, 48.193419818249787 ], [ -89.29276514241927, 48.191913765447978 ], [ -89.285318844250554, 48.18770327346747 ], [ -89.267170328732362, 48.192808680515235 ], [ -89.261522095110536, 48.196408205981605 ], [ -89.262082318374794, 48.199977377513811 ], [ -89.267812582142881, 48.203048926296049 ], [ -89.26989973335283, 48.206457875220764 ], [ -89.262941527250376, 48.249832279169595 ], [ -89.256498793567587, 48.260282780285557 ], [ -89.251734299177755, 48.262837550920111 ], [ -89.240789408688983, 48.274539364740747 ], [ -89.23398548717023, 48.286123514712699 ], [ -89.234754980772919, 48.29739914162348 ], [ -89.233929562043599, 48.302317495698688 ], [ -89.231324923683943, 48.305577813364081 ], [ -89.226464229468974, 48.306961262565309 ], [ -89.219426340746438, 48.3071415312968 ], [ -89.215666897670729, 48.306438740296642 ], [ -89.211933740859124, 48.304924768799125 ], [ -89.2068284078982, 48.305917370251819 ], [ -89.197916275759312, 48.312035547246879 ], [ -89.19643259260603, 48.314290795362091 ], [ -89.199865802219421, 48.32693907028154 ], [ -89.203809943199445, 48.335965446631882 ], [ -89.209203817391895, 48.345296714945093 ], [ -89.218262547994968, 48.352607841982994 ], [ -89.234627131328367, 48.362677829911078 ], [ -89.241537948299325, 48.364809720913584 ], [ -89.238907301637866, 48.375543261462781 ], [ -89.237463625917428, 48.381430461695835 ], [ -89.225169489204347, 48.39024087080702 ], [ -89.221022572335713, 48.397751107611839 ], [ -89.218842412343278, 48.404924985447224 ], [ -89.218025369812835, 48.418064345839454 ], [ -89.216835358146199, 48.420655921665812 ], [ -89.208608002136685, 48.429440167906108 ], [ -89.159365208697139, 48.47061544279449 ], [ -89.149631885955188, 48.474815700105594 ], [ -89.116479228303476, 48.487078595772537 ], [ -89.108753018666491, 48.48772383493155 ], [ -89.099866960745558, 48.486983059636565 ], [ -89.091278441995556, 48.487383741781855 ], [ -89.059834186599133, 48.493041944048123 ], [ -89.042053491693665, 48.500815772091258 ], [ -88.997104548029824, 48.51352846893279 ], [ -88.991238482584194, 48.512964830216966 ], [ -88.95977942258861, 48.516052218147443 ], [ -88.942463972253265, 48.525581806031845 ], [ -88.910341596250333, 48.540762632114266 ], [ -88.895101198694064, 48.543194911685838 ], [ -88.889572708137649, 48.542681852422454 ], [ -88.80515276217622, 48.568605024050996 ], [ -88.794168979864381, 48.571102462775691 ], [ -88.771721438925383, 48.572236463010753 ], [ -88.767253389393062, 48.571617484506163 ], [ -88.761289742788122, 48.569068619376694 ], [ -88.758225800615193, 48.565758657541942 ], [ -88.757032241146092, 48.562508364182186 ], [ -88.757124376577593, 48.552109468468601 ], [ -88.763027204527262, 48.541439524677294 ], [ -88.774504606474636, 48.526967276314522 ], [ -88.789269568786267, 48.510941973349482 ], [ -88.806973476651621, 48.49486266761938 ], [ -88.831847295419763, 48.473718435662057 ], [ -88.840037863196557, 48.46183425982305 ], [ -88.838544408400338, 48.459808025661061 ], [ -88.833255609365764, 48.458203148969616 ], [ -88.82954119445084, 48.455463801134783 ], [ -88.829045347360989, 48.452696808886607 ], [ -88.829973295211559, 48.449326081513554 ], [ -88.834371415098758, 48.441226022091655 ], [ -88.843681495825777, 48.432161435256397 ], [ -88.856395504395991, 48.419032549474665 ], [ -88.860456518391388, 48.412087772855166 ], [ -88.859237934876177, 48.40856160919877 ], [ -88.852455751748892, 48.405217269492731 ], [ -88.84952244347572, 48.402092365786729 ], [ -88.850319682927804, 48.39844491643435 ], [ -88.855448116550221, 48.392188280632006 ], [ -88.868569877060324, 48.379724744307893 ], [ -88.889096690915721, 48.369387805386879 ], [ -88.910542040787973, 48.343870550526724 ], [ -88.933169347477133, 48.320361036402616 ], [ -88.940357786500471, 48.310451651327845 ], [ -88.940216787512043, 48.305486327574535 ], [ -88.935835039448477, 48.303457528327144 ], [ -88.931939859300385, 48.304156626185389 ], [ -88.920513204479633, 48.313277866915449 ], [ -88.912186500516412, 48.321977142595422 ], [ -88.905477211537772, 48.323815113933236 ], [ -88.834612704845497, 48.334386741159797 ], [ -88.830409404677511, 48.334238769711796 ], [ -88.818559197555928, 48.331117133665465 ], [ -88.813234186376349, 48.332114703741112 ], [ -88.797963533165571, 48.335192130741632 ], [ -88.754297568515895, 48.345786256734968 ], [ -88.750841170991677, 48.347410695735938 ], [ -88.74200878036126, 48.358141857806679 ], [ -88.736681329503725, 48.366165922255142 ], [ -88.706158264465898, 48.418978620027964 ], [ -88.69486378254031, 48.439214015553006 ], [ -88.682297047428662, 48.464842383925287 ], [ -88.687647655736356, 48.471435425208519 ], [ -88.693570490420342, 48.472582785915286 ], [ -88.697945973287119, 48.474857731184223 ], [ -88.699719662007539, 48.477266284578356 ], [ -88.700407174727047, 48.480335108552481 ], [ -88.698922688109036, 48.485038883268139 ], [ -88.693513528837784, 48.493406727106368 ], [ -88.691164795271945, 48.495844784358326 ], [ -88.686412388774414, 48.497788227689988 ], [ -88.682195959682559, 48.497634756299639 ], [ -88.678155095499278, 48.495690148746085 ], [ -88.674649883101949, 48.492553541484057 ], [ -88.667836261591916, 48.491934744253342 ], [ -88.65921050800614, 48.49733159745162 ], [ -88.644559289936112, 48.507219573083944 ], [ -88.641273051426538, 48.510032027387659 ], [ -88.638737588237746, 48.514379549066618 ], [ -88.638162982553197, 48.518811967289089 ], [ -88.636282408000127, 48.537345413630689 ], [ -88.632586773121218, 48.560211678816152 ], [ -88.622923754572639, 48.582555126268105 ], [ -88.623931235132758, 48.588852294379087 ], [ -88.62906514825616, 48.605217990663419 ], [ -88.628740027350844, 48.608384091359532 ], [ -88.625777618572073, 48.615401374539417 ], [ -88.622867894312193, 48.617433062519225 ], [ -88.618542873668275, 48.618587499009188 ], [ -88.596412773863605, 48.620250534877982 ], [ -88.585786032812024, 48.620106645125091 ], [ -88.553951617436539, 48.626760946457516 ], [ -88.549512269721745, 48.629423023954637 ], [ -88.541172851662878, 48.6378734629265 ], [ -88.541678611242205, 48.641771113838587 ], [ -88.550375803771175, 48.645818621281279 ], [ -88.552607951488739, 48.648673306545874 ], [ -88.559030431952522, 48.676534204715963 ], [ -88.558152095551705, 48.682237060477235 ], [ -88.551850798860684, 48.690780298331852 ], [ -88.540793774257494, 48.713988430606129 ], [ -88.551385000518167, 48.730414125211112 ], [ -88.552056489908864, 48.735851368076425 ], [ -88.546933667562016, 48.763805189873501 ], [ -88.54453939719474, 48.769996493026234 ], [ -88.529418710028224, 48.784653577249365 ], [ -88.500029210423236, 48.810718651549941 ], [ -88.491206592873525, 48.820009870242103 ], [ -88.487333722351551, 48.82557620896781 ], [ -88.485718038608155, 48.829638286558669 ], [ -88.488369186673836, 48.832733036691359 ], [ -88.4894855365891, 48.83633994954797 ], [ -88.487787353345524, 48.838899782029586 ], [ -88.485025995673183, 48.84037107437387 ], [ -88.467967790719015, 48.845985945832936 ], [ -88.450752094196247, 48.849385914224939 ], [ -88.447244974224574, 48.849546942891998 ], [ -88.431910660027825, 48.846921688920879 ], [ -88.393502497007532, 48.84033695085035 ], [ -88.362930405717421, 48.830941706965071 ], [ -88.349919522956412, 48.826345332971258 ], [ -88.339626922938891, 48.819347692279003 ], [ -88.331504953353189, 48.811695718846572 ], [ -88.33010520337092, 48.809108440352453 ], [ -88.329258464077327, 48.800439662374998 ], [ -88.332743862651213, 48.785698277155326 ], [ -88.327155048845896, 48.776540904439194 ], [ -88.323450546798966, 48.772736230381504 ], [ -88.314730853394764, 48.768442913272303 ], [ -88.307148296955873, 48.763328699952467 ], [ -88.304802536905555, 48.76027389811324 ], [ -88.303112829346404, 48.755742280967148 ], [ -88.30324541039208, 48.753258252460107 ], [ -88.319116394357906, 48.715982720965286 ], [ -88.325833873755457, 48.702005294706225 ], [ -88.346083962305755, 48.66712335514741 ], [ -88.349000557330328, 48.664903142637499 ], [ -88.352798086481442, 48.66365564420672 ], [ -88.371308274334382, 48.662306000650162 ], [ -88.385344648039194, 48.655271405050449 ], [ -88.414114762611831, 48.632817824624389 ], [ -88.4394320182722, 48.617788015441143 ], [ -88.449640765100511, 48.608332401767505 ], [ -88.454118155432411, 48.603471907466883 ], [ -88.473710578532859, 48.58336374525436 ], [ -88.533205201364893, 48.54209499692027 ], [ -88.538889534524046, 48.539704887564412 ], [ -88.543835965654466, 48.539316483395233 ], [ -88.54934026281046, 48.539851005250121 ], [ -88.553216614662617, 48.538299065314135 ], [ -88.592586515254567, 48.479031709741911 ], [ -88.59101895242263, 48.476803182840513 ], [ -88.581252228188518, 48.47467705190202 ], [ -88.573697609836771, 48.449795921973255 ], [ -88.553807083025873, 48.423077173370437 ], [ -88.546105044719823, 48.41938415266786 ], [ -88.529962003767096, 48.418938323608074 ], [ -88.526677519204455, 48.420003115801109 ], [ -88.5228873831078, 48.427591365435738 ], [ -88.52526030476173, 48.429958933109255 ], [ -88.52579835820093, 48.432399025353483 ], [ -88.525424422967674, 48.435246496072232 ], [ -88.519731925995359, 48.456376264613951 ], [ -88.513287570484891, 48.461806759421272 ], [ -88.509509869034247, 48.463059682273737 ], [ -88.503640335084341, 48.462840761456022 ], [ -88.492723035284726, 48.460298514644599 ], [ -88.487920525940154, 48.461852120372264 ], [ -88.487016171708859, 48.464148959459472 ], [ -88.488523057189539, 48.468677642984233 ], [ -88.489785114353893, 48.47942695532106 ], [ -88.497224913690815, 48.483624178311146 ], [ -88.499287230594206, 48.486853506493681 ], [ -88.499109272240318, 48.49242709624076 ], [ -88.497081358966, 48.498825705216824 ], [ -88.491856733189849, 48.509586754796196 ], [ -88.487559357936703, 48.513181803624313 ], [ -88.483507186754053, 48.513982535499139 ], [ -88.479398948985533, 48.513341241229874 ], [ -88.460410382437615, 48.528850846405987 ], [ -88.435597529874073, 48.553459679567318 ], [ -88.430396052283157, 48.554818662619311 ], [ -88.426284967245167, 48.554175459998334 ], [ -88.42258552796342, 48.551423737933 ], [ -88.420428434291708, 48.546220096481221 ], [ -88.418553088362358, 48.543893329016683 ], [ -88.398779121681287, 48.53719296930548 ], [ -88.384353427912686, 48.534812252637757 ], [ -88.381711469943752, 48.536263719621566 ], [ -88.373402178955857, 48.543377938619024 ], [ -88.364889848879756, 48.55710365801108 ], [ -88.351628074803259, 48.566910814117861 ], [ -88.342371993816073, 48.570474544156276 ], [ -88.338465912862148, 48.57121006102188 ], [ -88.333167899813063, 48.570046972345764 ], [ -88.330659107246163, 48.567809072290352 ], [ -88.320903321355999, 48.565781439910424 ], [ -88.302646746190305, 48.57538154087338 ], [ -88.301382834181055, 48.58258239013518 ], [ -88.303672341492032, 48.585265568435432 ], [ -88.308660565150802, 48.586727972947408 ], [ -88.325389496077321, 48.586397124037873 ], [ -88.329033792932904, 48.587996683311069 ], [ -88.330913346414661, 48.590488915418163 ], [ -88.339205654647486, 48.644272224893754 ], [ -88.336600667286163, 48.650787056200443 ], [ -88.332166584787714, 48.653207570793299 ], [ -88.326568627647461, 48.65330884487873 ], [ -88.323040424307848, 48.651773909801143 ], [ -88.303416062354415, 48.63535713367866 ], [ -88.293896941921943, 48.624107198767867 ], [ -88.292820586566691, 48.61931854430302 ], [ -88.292514184066718, 48.605776516005825 ], [ -88.27731552400401, 48.596049506062222 ], [ -88.273214315960018, 48.595604075402022 ], [ -88.269916990969705, 48.59666357541338 ], [ -88.268230232724648, 48.601506019620956 ], [ -88.266870518515802, 48.603760794815571 ], [ -88.261783283970971, 48.60838619817423 ], [ -88.251911504586261, 48.614324322831273 ], [ -88.246424264818998, 48.615060006518455 ], [ -88.241515571030007, 48.613303808961696 ], [ -88.23963982015691, 48.610810402734224 ], [ -88.239765908350719, 48.608347199435528 ], [ -88.242258413802901, 48.602419289788443 ], [ -88.251601730767874, 48.586881924200668 ], [ -88.249317869752815, 48.583642797972942 ], [ -88.239087868447086, 48.581326505864432 ], [ -88.235756628085852, 48.581964407237798 ], [ -88.209050535674024, 48.599486490025207 ], [ -88.16457309657045, 48.642820011903922 ], [ -88.148026237572623, 48.659255001137801 ], [ -88.137311568061264, 48.667504383265637 ], [ -88.122021794678062, 48.67476699664418 ], [ -88.117077974447923, 48.677834667611393 ], [ -88.099453856618965, 48.694785547407648 ], [ -88.096545802884123, 48.718015933200959 ], [ -88.096962752893234, 48.722157315290517 ], [ -88.105906798920756, 48.729703620300313 ], [ -88.110193322547218, 48.735878517560536 ], [ -88.108346879508218, 48.748891463194475 ], [ -88.098323141528638, 48.766669268751414 ], [ -88.097275975805374, 48.77514611824455 ], [ -88.09900477201262, 48.787191696669503 ], [ -88.104441351054618, 48.792572787331082 ], [ -88.161026989144901, 48.820765844180087 ], [ -88.188292634247773, 48.831271558090364 ], [ -88.205837034496724, 48.834826467857383 ], [ -88.215600545058024, 48.838588813524034 ], [ -88.225102290455325, 48.844055806512216 ], [ -88.238733673289062, 48.857496289230099 ], [ -88.241054186587206, 48.865231138497364 ], [ -88.243277051340868, 48.886686252598992 ], [ -88.243039791995272, 48.894432525725769 ], [ -88.241016719288282, 48.898210545079039 ], [ -88.227925593941876, 48.908232967425619 ], [ -88.227098982126151, 48.911077727946811 ], [ -88.227441520550869, 48.92223987199943 ], [ -88.23216608371979, 48.928379691555925 ], [ -88.247112397522486, 48.937903839261224 ], [ -88.250733418391079, 48.942937566998189 ], [ -88.254495392859752, 48.951343667504396 ], [ -88.257558048560412, 48.964231567422374 ], [ -88.262943059574567, 48.973805571759961 ], [ -88.26280366849727, 48.98209661783163 ], [ -88.259277868767285, 48.98497969266537 ], [ -88.253749762943244, 48.98571493175195 ] ] ] } }
]
}
